,Product Name,Brands,Reviews,Status,RAM,Internal Storage,Battery,Main camera,Front camera,Display,Cover display,Processor,Connectivity,Colors,OS,Warranty Info,Region,Price 1,Price 2,SKU
0,Samsung Galaxy Z Flip 6,Samsung,0 Reviews,IN STOCK,12 GB,"256GB, 512GB","4000mAh, 25W",50 MP + 12 MP,10 MP,"6.7 inch, AMOLED, 120Hz","3.9 inch, AMOLED",Qualcomm Snapdragon 8 Gen 3,"Dual SIM, 3G, 4G, 5G, VoLTE, Wi-Fi","Yellow, Silver Shadow, Mint, Blue, Black, White, Peach","Android 14, One UI 6.1.1",Warranty,UAE / Dubai,"KSh 108,000","KSh 103,000",N/A
1,Samsung Galaxy Z Fold 6,Samsung,0 Reviews,IN STOCK,12GB,"256GB, 512GB, 1TB","4,4000mAh",50MP + 10MP + 12MP,4MP,7.6 inches Super AMOLED display (unfolded); 6.3-inches when folded,,Qualcomm SM8550-AC Snapdragon 8 Gen 3 (4 nm),"Dual SIM, 3G, 4G, 5G, Wi-Fi","Navy, Silver Shadow, Pink, Black, White",,Warranty,UAE / Dubai,"KSh 162,500","KSh 205,000",N/A
2,Samsung Galaxy M55,Samsung,0 Reviews,IN STOCK,8GB,,"5000 mAh, non-removable, 45W",,,,,,5G,,"Android 14, One UI 6.1",,,"KSh 55,000","KSh 45,000",
3,Samsung Galaxy A35 5G,Samsung,,IN STOCK,8GB,256GB,"5,000 mAh",50MP + 8MP + 5MP,13MP,"6.6 inches, 120 Hz",,Exynos 1380 SoC,"Dual SIM, 2G, 3G, 4G, 5G, Wi-Fi","Iceblue, Lilac, Navy","Android 14, One UI 6.1,",Warranty,East Africa,"KSh 32,000","KSh 40,500",SM-A356ELBMAFB
4,Samsung Galaxy A55 5G,Samsung,0 Reviews,IN STOCK,8GB,"128 GB, 256GB","5,000 mAh",50 MP + 12MP + 5 MP,32MP,"6 inches, 120 Hz",,Exynos 1480 SoC,"Dual SIM, 2G, 3G, 4G, Wi-Fi","Iceblue, Lilac, Navy, Lemon","Android 14, One UI 6.1,",Warranty,East Africa,"KSh 42,000","KSh 46,500",SM-A556ELBVAFB
5,Samsung Galaxy A25 5G,Samsung,0 Reviews,IN STOCK,8GB,256GB,"5,000 mAh, 25W",50MP + 8MP + 2MP,13 MP,6.5 inch,,Octa-core Exynos 1280 (5 nm),"Dual SIM, 2G, 3G, 4G, 5G, Wi-Fi","Brave Black, Personality Yellow, Fantasy Blue, Optimistic Blue","Android 14, One UI 6",,,"KSh 27,500","KSh 30,500",SM-A256EZKHAFC
6,Samsung Galaxy M15 4G,Samsung,0 Reviews,IN STOCK,6,,"6,000mAh, 25W",,,6.5-inch Super AMOLED,,MediaTek Helio G99 SoC,4G,,,,,"KSh 26,000","KSh 25,000",
7,Samsung Galaxy F15 5G,Samsung,0 Reviews,IN STOCK,4/6GB,,"6000mAh, 25W",,,"6 inches, Super AMOLED",,"Octa-core, Mediatek Dimensity 6100+ (6 nm)",5G,,"Android 14, One UI 6",,,"KSh 26,500","KSh 23,500",
8,Samsung Galaxy S24 5G,Samsung,0 Reviews,IN STOCK,8GB,128GB / 256GB / 512GB/1TB,"4,000 mAh",50MP + 10MP + 12MP,12 MP (wide),"6.2 inch + Dynamic LTPO AMOLED 2X, 120Hz, HDR10+, 2600 nits (peak)",,Qualcomm Snapdragon 8 Gen 3 (4nm),"Dual SIM, 3G, 4G, 5G, Wi-Fi","Onyx Black, Marble Grey, Cobalt Violet, Amber Yellow, Jade Green, Sandstone Orange, Sapphire Blue","Android 14, One UI 6.1",Warranty,UAE / Dubai,"KSh 95,500","KSh 87,000",SM-S921
9,Samsung Galaxy S24 Plus,Samsung,0 Reviews,IN STOCK,12GB,256 / 512GB,4900mAh,50 MP + 10 MP + 12 MP,12 MP,"6.7 inch, AMOLED, 120Hz",,Snapdragon 8 Gen 3 / Exynos 2400,"Dual sim, 2G, 3G, 4G, 5G","Onyx Black, Marble Grey, Cobalt Violet, Amber Yellow, Jade Green, Sandstone Orange, Sapphire Blue","Android 14, One UI 6.1",,East Africa,"KSh 107,000","KSh 102,000",SM-S926
10,Samsung Galaxy S24 Ultra,Samsung,2 Reviews,IN STOCK,12GB,"256GB, 512GB, 1TB",5000 mAh,200MP + 50MP + 10MP + 10MP,12 MP,6.8 inch + 120Hz AMOLED display,,Qualcomm Snapdragon 8 Gen 3,"Dual SIM, 3G, 4G, 5G, Wi-Fi","Titanium Black, Titanium Gray, Titanium Violet, Titanium Yellow, Titanium Blue, Titanium Green, Titanium Orange","Android 14, One UI 6.1",Warranty,UAE / Dubai,"KSh 128,000","KSh 120,000",SM-S928UZKEXAA
11,Samsung Galaxy A25 4G,Samsung,0 Reviews,,"6GB, 8GB",128GB,"5,000 mAh, 25W",50MP + 5MP + 2MP,13 MP,6.5 inches,,Mediatek Helio G99 (6nm),"Dual SIM, 2G, 3G, 4G, Wi-Fi","Black, Lime Green, Blue gradient, Dark red","Android 13, upgradable to Android 14, One UI 6",,,"KSh 37,500",,
12,Samsung Galaxy A15 4G,Samsung,2 Reviews,IN STOCK,"4GB, 6GB","64GB, 128GB","5,000 mAh",50MP + 5MP + 2MP,13 MP,6.4 inch,,Mediatek Helio G99 (6nm),"Dual SIM, 2G, 3G, 4G, Wi-Fi","Black, Personality Yellow, Fantasy Blue, Optimistic Blue",Android 14,,,"KSh 18,500","KSh 24,000",N/A
13,Samsung Galaxy A54 5G,Samsung,0 Reviews,IN STOCK,8GB,256GB,"5,000 mAh",50 MP + 12MP + 5 MP,32MP,"6.46 inches, 120 Hz",,Exynos 1380,"Dual sim, 2G, 3G, 4G, Wi-Fi","Lime, Graphite, Violet, White","Android 13, One UI 5.1",,,"KSh 47,000","KSh 46,500",
14,Samsung Galaxy A24,Samsung,0 Reviews,IN STOCK,"6GB,",128GB,"5000 mAh, 25W wired",50 MP + 5 MP + 2 MP,13 MP,"6.5 inches, AMOLED, 90Hz",,Mediatek Helio G99,"Dual sim, 3G, 4G, Wi-Fi","Black, Lime Green, Blue gradient, Dark Red","Android 13, One UI 5.1",,,"KSh 27,500","KSh 27,000",
15,Samsung Galaxy A34 5G,Samsung,2 Reviews,IN STOCK,6GB,128GB,"5,000 mAh with 25W charging",48 MP + 8 MP + 5 MP,13 MP,"6.6 inch, AMOLED, 120Hz",,MediaTek Dimensity 1080,"Dual sim, 3G, 4G, 5G","Lime, Graphite, Violet, Silver","Android 13, One UI 5.1",Warranty,UAE / Dubai,"KSh 32,000","KSh 36,000",N/A
16,Samsung Galaxy S23 FE 5G,Samsung,3 Reviews,IN STOCK,8GB,256GB,"4,500 mAh",50MP + 8MP + 12MP,12 MP,"6.4 inch, 120Hz AMOLED",,"Exynos 2200 International, Snapdragon 8 Gen 1 – USA","Dual sim, 2G, 3G, 4G, 5G, Wi-Fi","Mint, Cream, Graphite, Purple, Indigo and Tangerine","Android 13, One UI 5.1",Warranty,UAE / Dubai,"KSh 68,000","KSh 63,000",N/A
17,Samsung Galaxy A05,Samsung,0 Reviews,IN STOCK,4GB,64/128GB,"5,000 mAh",50 MP + 2 MP,8 MP,"6.7 inch, LCD, 90Hz",,Snapdragon 680 4G,"Dual SIM, 2G, 3G, 4G","Black, Silver, Light Green",Android 13,,,"KSh 13,200","KSh 14,500",N/A
18,Samsung Galaxy A05s,Samsung,3 Reviews,IN STOCK,4GB,128GB,5000 mAh,50 MP + 2 MP+ 2 MP,13 MP,"6.7 inch, LCD, 90Hz",,Snapdragon 680 4G,"Dual sim, 2G, 3G, 4G","Black, Silver, Light Green, Violet",Android 13,Warranty,East Africa,"KSh 14,500","KSh 16,000",SM-A057FLVDAFC
19,Samsung Galaxy Z Flip 5,Samsung,0 Reviews,IN STOCK,8 GB,"256GB, 512GB","3700 mAh, 25W",12 MP + 12 MP,10 MP,"6.7 inch, AMOLED, 120Hz","3.4 inch, AMOLED",Qualcomm Snapdragon 8 Gen 2,"Dual sim, 3G, 4G, 5G, VoLTE, Wi-Fi","Icy Blue, Phantom Black, Cream, Gray, Blue","Android 13, One UI 5.1.1",Warranty,UAE / Dubai,"KSh 79,500","KSh 88,500",N/A
20,Samsung Galaxy Z Fold 5,Samsung,0 Reviews,IN STOCK,12 GB,"256GB, 512GB","4,400 mAh",,,"7.6 inch, AMOLED, 120Hz","6.2 inch, AMOLED, 120Hz",Qualcomm Snapdragon 8 Gen 2,"Dual sim, 3G, 4G, 5G, VoLTE, Wi-Fi","Phantom Black, Cream, Icy Blue","Android 13, One UI 5.1.1",Warranty,UAE / Dubai,"KSh 140,000","KSh 145,000",N/A
21,Samsung Galaxy F34 5G,Samsung,0 Reviews,IN STOCK,"6GB,",,"6,000 mAh",,,"6.5-inch, Super AMOLED, 120Hz, 1000 nits (peak)",,Exynos 1280 (5 nm),"Dual SIM, 5G, Wi-Fi","Electric Black, Mystic Green","Android 13, One UI 5.1",,,"KSh 29,000","KSh 26,000",
22,Samsung Galaxy F14,Samsung,0 Reviews,IN STOCK,6GB,128GB,"6,000mAh 25w fast charging",5oMP + 2MP,13MP,6 inches,,Exynos 1330 (5nm),"Dual SIM, up to 5G Connectivity","Black, Green and Purple","Android 13, One UI Core 5.1",,,"KSh 35,000","KSh 18,500",
23,Samsung Galaxy M14 5G,Samsung,0 Reviews,IN STOCK,6GB,128GB,"6,000 mAh",50MP + 2MP + 2MP,13 MP,6.6 inch,,"Octa-core, Exynos 1330 (5nm)","Dual SIM, 2G, 3G, 4G, 5G, Wi-Fi","Navy Blue, Light Blue, Silver","Android 13, One UI 5.1",,,"KSh 17,000","KSh 22,000",N/A
24,Samsung Galaxy M34 5G,Samsung,0 Reviews,IN STOCK,"6GB,",,"6,000 mAh",,,"6.5-inch, Super AMOLED, 120Hz, 1000 nits (peak)",,Exynos 1280 (5 nm),"Dual SIM, 5G, Wi-Fi","Midnight Blue, Prism Silver, Waterfall Blue","Android 13, One UI 5.1",,,"KSh 40,000","KSh 24,500",
25,Samsung Galaxy M54 5G,Samsung,0 Reviews,IN STOCK,8 GB,256GB,"5,000 mAh",108MP+8MP+2MP,32 MP,"6.7 inches, AMOLED Plus, 120Hz",,Exynos 1380,"Dual sim, 2G, 3G, 4G, 5G, Wi-Fi","Dark Blue, Silver","Android 13, One UI 5.1",,,"KSh 46,000","KSh 42,000",
26,Samsung Galaxy F04,Samsung,0 Reviews,IN STOCK,4GB,64GB,5000 mAh,13 MP + 2 MP,5 MP,6.5 inch,,MediaTek Helio P35,"Dual sim, 2G, 3G","Black, Copper, Light Blue","Android 12, One UI Core 4.1",,,"KSh 17,500","KSh 14,500",
27,Samsung Galaxy S23 Ultra 5G,Samsung,0 Reviews,IN STOCK,12GB,256GB/512GB,"5,000 mAh",200MP + 12MP + 10MP + 10MP,12 MP,6.8 inch + 120Hz AMOLED display,,Snapdragon 8 Gen2,"Dual sim, 2G, 3G, 4G, 5G, Wi-Fi","Phantom Black, Cream, Green, Lavender","Android 13, One UI 5.1",Warranty,UAE / Dubai,"KSh 98,000","KSh 112,000",N/A
28,Samsung Galaxy S23 Plus 5G,Samsung,0 Reviews,IN STOCK,8GB,256GB,4700 mAh,50 MP + 12 MP + 10 MP,12MP,6.6 inch,,Snapdragon 8 Gen2,"Dual sim, 2G, 3G, 4G, 5G","Phantom Black, Cream, Green, Lavender","Android 13, One UI 5.1",Warranty,UAE / Dubai,"KSh 118,000","KSh 150,000",N/A
29,Samsung Galaxy S23 5G,Samsung,0 Reviews,IN STOCK,8GB,256GB,3900 mAh,50MP + 12MP + 10MP,12 MP,6.1 inch + 120Hz AMOLED display,,Snapdragon 8 Gen2,"Dual sim, 2G, 3G, 4G, 5G, Wi-Fi","Phantom Black, Cream, Green, Lavender","Android 13, One UI 5.1",,,"KSh 85,000","KSh 83,000",N/A
30,Samsung Galaxy A04e,Samsung,0 Reviews,IN STOCK,3GB,32/ 64GB,5000 mAh,13 MP + 2 MP,5 MP,6.5 inch,,MediaTek Helio G35,"Dual sim, 2G, 3G","Black, Copper, Light Blue","Android 12, One UI Core 4.1",,,"KSh 13,000","KSh 12,000",
31,Samsung Galaxy M04,Samsung,0 Reviews,IN STOCK,4GB,64GB,5000 mAh,13MP + 2 MP,5 MP,6.5 inch,,Mediatek Helio P35 (12nm),"Dual sim, 2G, 3G, 4G","Sea Glass Green, Shadow Blue","Android 12, One UI Core 4.1",,,"KSh 16,000","KSh 15,500",
32,Samsung Galaxy F13,Samsung,0 Reviews,IN STOCK,4GB,"64GB, 128GB","6,000mAh",50MP + 5MP + 2MP,8 MP,6.6 inches,,Exynos 850 (8nm),"Dual SIM, Up to 4G Connectivity","Waterfall Blue, Sunrise Copper, and Nightsky Green","Android 12, One UI Core 4.1",,,"KSh 16,500","KSh 20,500",N/A
33,Samsung Galaxy Z Fold 4,Samsung,0 Reviews,IN STOCK,12 GB,"256GB, 512GB","4,400 mAh",,,7.6 inch,6.2 inch,Qualcomm Snapdragon 8+ Gen 1,"Dual sim, 3G, 4G, 5G, VoLTE, Wi-Fi","Stalwart Phantom Black, Beige, Gray-green","Android 12L, One UI 4.1.1",,,"KSh 190,000","KSh 140,500",
34,Samsung Galaxy M13 4G,Samsung,,IN STOCK,6GB,128GB,5000 mAh,50MP + 5MP + 2MP,8 MP,6.6 inch,,Exynos 850 (8nm),"Dual sim, 2G, 3G, 4G, Wi-Fi","Deep Green, Orange Copper, Light Blue",Android 12,,,"KSh 27,500","KSh 26,000",
35,Samsung Galaxy F23,Samsung,0 Reviews,IN STOCK,6GB,128 GB,"5000 mAh, 25W",,,"6.6 inches, IPS LCD, 120Hz",,Qualcomm Snapdragon 750G 5G (8 nm),"Dual sim, 5G, Wi-Fi","Aqua Blue, Forest Green","Android 12, One UI 4.1",,,"KSh 36,000","KSh 30,500",SM-E236B
36,Samsung Galaxy S22 5G,Samsung,0 Reviews,IN STOCK,8GB,256GB,"3,700 mAh",50 MP + 12 MP + 10 MP,10 MP,6.1 inch,,Qualcomm Snapdragon 8 Gen 1,"Dual sim, 2G, 3G, 4G, 5G","Phantom Black, Phantom White, Green, Pink Gold",Android 12,Warranty,UAE / Dubai,"KSh 66,000","KSh 75,000",SM-S901B/DS
37,Samsung Galaxy S22 Ultra 5G,Samsung,0 Reviews,IN STOCK,12GB,"256GB, 512GB",5000 mAh,108MP + 12MP + 10MP + 10MP,40 MP,6.8 inch + 120Hz AMOLED display,,Qualcomm Snapdragon 8 Gen 1,"Dual sim, 2G, 3G, 4G, 5G, Wi-Fi","Phantom Black, Phantom White, Green, Burgundy",Android 12,Warranty,UAE / Dubai,"KSh 105,000","KSh 112,000",SM-S908EZKGAFA
38,Samsung Galaxy A03 Core,Samsung,2 Reviews,IN STOCK,2GB,32GB,5000 mAh,8 MP,5 MP,6.5 inch,,Unisoc SC9863A (28nm),"Dual sim, 2G, 3G, 4G","Black, Blue",Android 11 (Go edition),,,"KSh 16,500","KSh 12,800",SM-A032F/DS
39,Samsung Galaxy S21 FE 5G,Samsung,0 Reviews,IN STOCK,8GB,256GB,4500 mAh,12 MP + 12 MP + 8 MP,32 MP,6.41 inch,,Exynos 2100,"Dual sim, 3G, 4G, 5G, VoLTE, Wi-Fi","White, Lavender, Graphite, Olive",Android 12,,,"KSh 65,000","KSh 59,000",
40,Apple iPhone 16,Apple,0 Reviews,,8GB,,"3,561mAh",,,6.1 inches,,Apple A18 Bionic,"5G, Nano-SIM, Esim, Wi-Fi 7","Black, White, Pink, Teal, Ultramarine",iOS 18,Warranty,UAE / Dubai,"KSh 127,500","KSh 207,000",N/A
41,iPhone 16 Pro Max,Apple,0 Reviews,,8GB,"256/512GB, 1TB","29 hours of video playback, 95 hours of audio playback",,,6.9 inches,,Apple A18 Pro Bionic,"5G, Nano-SIM, eSIM, Wi-Fi 7","Black Titanium, White Titanium, Natural Titanium, Desert Titanium",iOS 18 Pro,Warranty,UAE / Dubai,"KSh 230,000","KSh 207,000",N/A
42,Apple iPhone 16 Pro,Apple,0 Reviews,,8GB,,"3,577mAh",,,6.3 inches,,,"5G, Nano-SIM, eSIM, Wi-Fi 7","Black Titanium, White Titanium, Natural Titanium, Desert Titanium",iOS 18,Warranty,UAE / Dubai,"KSh 127,500","KSh 207,000",N/A
43,Apple iPhone 16 Plus,Apple,0 Reviews,,,,"4,006mAh",,,6.3 inches,,Apple A18 (3 nm),"5G, Nano-SIM, eSIM, Wi-Fi 7","Black, White, Pink, Teal, Ultramarine",iOS 18,Warranty,UAE / Dubai,"KSh 127,500","KSh 207,000",N/A
44,Apple iPhone 15,Apple,0 Reviews,IN STOCK,6GB,,"3,200 mAh",,,6.1 inches,,Apple A16 Bionic,"5G, Nano-SIM, eSIM, Wi-Fi 6","Black, Blue, Green, Yellow, Pink",iOS 17,Warranty,UAE / Dubai,"KSh 100,000","KSh 146,500",N/A
45,Apple iPhone 15 Plus,Apple,0 Reviews,IN STOCK,6GB,,"4,383 mAh",,,6.7 inches,,Apple A16 Bionic,"5G, Nano-SIM, eSIM, Wi-Fi","Black, Blue, Green, Yellow, Pink",iOS 17,Warranty,UAE / Dubai,"KSh 113,000","KSh 193,000",N/A
46,Apple iPhone 15 Pro,Apple,0 Reviews,IN STOCK,8GB,,4323 mAh,,,"6.1 inches, OLED, 120Hz",,Apple A17 Pro,"5G, Nano-SIM, eSIM, Wi-Fi","Black Titanium, White Titanium, Blue Titanium, Natural Titanium",iOS 17,Warranty,UAE / Dubai,"KSh 131,000","KSh 205,000",N/A
47,Apple iPhone 15 Pro Max,Apple,0 Reviews,IN STOCK,8GB,,4323 mAh,,,"6.7 inches, OLED, 120Hz",,Apple A17 Pro,"5G, Nano-SIM, eSIM, Wi-Fi","Black Titanium, White Titanium, Blue Titanium, Natural Titanium",iOS 17,Warranty,UAE / Dubai,"KSh 157,000","KSh 225,000",N/A
48,Apple iPhone 14 Pro Max,Apple,0 Reviews,IN STOCK,6GB,,4323 mAh,,,6.7 inches,,Apple A16 Bionic,"5G, Nano-SIM, eSIM, Wi-Fi","Space Black, Silver, Gold, Deep Purple",iOS 16,,,"KSh 122,000","KSh 119,000",
49,Apple iPhone 14 Pro,Apple,0 Reviews,IN STOCK,6GB,,3200 mAh,,,6.1 inches,,Apple A15 Bionic,"5G, Nano-SIM, eSIM, Wi-Fi 6","Space Black, Silver, Gold, Deep Purple",iOS 16,Warranty,UAE / Dubai,"KSh 104,000","KSh 139,000",N/A
50,Apple iPhone 14,Apple,0 Reviews,IN STOCK,6GB,,3279 mAh,,,6.1 inches,,Apple A15 Bionic,"5G, Nano-SIM, eSIM, Wi-Fi 6","Blue, Purple, Midnight, Starlight, RED",iOS 16,Warranty,UAE / Dubai,"KSh 94,000","KSh 109,000",N/A
51,Apple iPhone 14 Plus,Apple,0 Reviews,IN STOCK,6GB,,4325 mAh,,,6.7 inches,,Apple A15 Bionic,"5G, Nano-SIM, eSIM, Wi-Fi","Blue, Purple, Midnight, Starlight, RED",iOS 16,Warranty,UAE / Dubai,"KSh 107,000","KSh 111,000",N/A
52,Apple iPhone SE 2022,Apple,0 Reviews,IN STOCK,4GB,,2018 mAh,,,4.7 inch,,Apple A15 Bionic,"5G, Nano-SIM, eSIM, Wi-Fi 6","Black, White, Red",iOS 15.4,Warranty,UAE / Dubai,"KSh 67,500","KSh 63,000",N/A
53,Apple iPhone 13 Pro Max,Apple,,IN STOCK,6GB,,4373 mAh,,,6.7 inches,,Apple A15 Bionic,"5G, Nano-SIM, eSIM, Wi-Fi","Graphite, Gold, Silver, Sierra Blue, Alpine Green",iOS 15,,,"KSh 105,000","KSh 92,000",A2643
54,Apple iPhone 13 Pro,Apple,0 Reviews,IN STOCK,6GB,,3095 mAh,,,6.1 inches,,Apple A15 Bionic,"5G, Nano-SIM, eSIM, Wi-Fi 6","Graphite, Gold, Silver, Sierra Blue, Alpine Green",iOS 15,,,"KSh 90,000","KSh 77,000",A2638
55,Apple iPhone 13 Mini,Apple,0 Reviews,IN STOCK,4GB,,2227 mAh,,,5.4 inch,,Apple A15 Bionic,"5G, Nano-SIM, eSIM, Wi-Fi 6","Starlight, Midnight, Blue, Pink, Red",upgradable to iOS 15.4.1,,,"KSh 115,000","KSh 110,000",A2628
56,Apple iPhone 13,Apple,0 Reviews,IN STOCK,4GB,,2815 mAh,,,6.1 inches,,Apple A15 Bionic,"5G, Nano-SIM, eSIM, Wi-Fi 6","Pink, Blue, Midnight, Starlight, and Product Red",upgradable to iOS 15.4.1,Warranty,UAE / Dubai,"KSh 63,000","KSh 98,000",A2633
57,Apple iPhone 12,Apple,0 Reviews,IN STOCK,4GB,,2815 mAh,,,6.1 inches,,Apple A14 Bionic,"5G, Nano-SIM, eSIM, Wi-Fi","Black, Green, Yellow, Purple, Red, White",upgradable to iOS 15.4.1,Warranty,UAE / Dubai,"KSh 50,000","KSh 69,000",A2403
58,Apple iPhone 12 Mini,Apple,0 Reviews,,4GB,,2227 mAh,,,5.4 inch,,Apple A14 Bionic,"5G, Nano-SIM, eSIM, Wi-Fi","Black, Blue, (PRODUCT) Red, Grey, White",upgradable to iOS 15.4.1,,,"KSh 78,000","KSh 82,500",A2399
59,Apple iPhone 12 Pro,Apple,0 Reviews,IN STOCK,6GB,,2815 mAh,,,6.1 inches,,Apple A14 Bionic,"5G, Nano-SIM, eSIM, Wi-Fi","Silver, Graphite, Gold, Pacific Blue",upgradable to iOS 15.4.1,Warranty,,"KSh 69,000","KSh 65,000",A2407
60,Apple iPhone 12 Pro Max,Apple,,IN STOCK,6GB,,3687 mAh,,,6.7 inches,,Apple A14 Bionic,"5G, Nano-SIM, eSIM, Wi-Fi","Silver, Graphite, Gold, Pacific Blue",upgradable to iOS 15.4.1,,,"KSh 74,000","KSh 71,000",A2411
61,Apple iPhone 11,Apple,0 Reviews,IN STOCK,4GB,,3110 mAh,,,6.1 inches,,Apple A13 Bionic (7 nm+),"4G, Nano-SIM, eSIM, Wi-Fi","Black, Green, Yellow, Purple, Red, White",upgradable to iOS 15.4.1,Warranty,UAE / Dubai,"KSh 40,000","KSh 59,000",A2221
62,Apple iPhone 11 Pro Max,Apple,,IN STOCK,4GB,,3969 mAh,,,6.5 inches,,Apple A13 Bionic (7 nm+),"sim, 3G, 4G, VoLTE, Wi-Fi","Space Gray, Silver, Gold, Midnight Green",upgradable to iOS 15.4.1,,,"KSh 60,000","KSh 53,000",A2218
63,Apple iPhone 11 Pro,Apple,0 Reviews,IN STOCK,4GB,,3046 mAh,,,5.8 inches,,Apple A13 Bionic (7 nm+),"4G, Nano-SIM, eSIM","Space Gray, Silver, Gold, Midnight Green",upgradable to iOS 15.4.1,,,"KSh 57,000","KSh 52,000",A2215
64,Apple iPhone XS Max,Apple,0 Reviews,IN STOCK,4GB,,3174 mAh,,,6.5 inch,,A12 Bionic chip,"nano-SIM + eSIM setup, 4G, Wi-Fi","Silver, space gray, and gold.",upgradable to iOS 15.4.1,Warranty,,"KSh 45,000","KSh 40,500",A2101
65,Apple iPhone XS,Apple,,IN STOCK,4GB,,2658 mAh,,,5.8 inch,,A12 Bionic,"4G, Nano-SIM, eSIM","Space Gray, Silver, Gold",upgradable to iOS 15.4.1,Warranty,,"KSh 41,000","KSh 39,000",A2097
66,Apple iPhone XR,Apple,0 Reviews,IN STOCK,3GB,,2942 mAh,,,6.1 inch,,A12 Bionic chip,"nano-SIM + eSIM, 4G, Wi-Fi","Black, white, blue, coral, yellow, and (PRODUCT)RED.",upgradable to iOS 15.4.1,Warranty,,"KSh 45,000","KSh 38,500",A2105
67,Apple iPhone X,Apple,0 Reviews,IN STOCK,3GB,,2716 mAh,,,5.8 inches,,Apple A11 Bionic (10 nm),,"Space Gray, Silver","iOS 11.1.1, up-gradable to iOS 13.5",,,"KSh 32,000","KSh 31,000",A1865
68,Apple iPhone 8 Plus,Apple,0 Reviews,IN STOCK,3GB,,2691 mAh,,,,,A11 Bionic,,,upgradable to iOS 15.4.1,,,"KSh 49,000","KSh 35,000",A1864
69,Apple iPhone 8,Apple,0 Reviews,IN STOCK,2GB,,1821 mAh,,,,,A11 Bionic,,,upgradable to iOS 15.4.1,,,"KSh 27,500",,A1863
70,Infinix Hot 40i,Infinix,,IN STOCK,"4GB, 8GB",,"5,000 mAh, 18W Fast charging",,,"6.6 inches, IPS LCD, 90Hz",,"Octa-core, Unisoc T606 (12 nm)","4G, Dual SIM","Starlit Black, Palm Blue, Horizon Gold, Starfall Green","Android 13, XOS 13",,,"KSh 12,700","KSh 16,800",N/A
71,Infinix Smart 8,Infinix,,IN STOCK,,,"Li-Po 5000 mAh, non-removable",,,6 IPS LCD screen,,,,,Android 13,,,"KSh 11,500","KSh 13,500",N/A
72,Infinix XDM52 USB-A to Micro Cable,Infinix,0 Reviews,IN STOCK,,,,,,,,,,,,,,KSh 250,KSh 100,
73,Infinix XDL53A USB-A Cable,Infinix,0 Reviews,IN STOCK,,,,,,,,,,,,,,KSh 600,,
74,Infinix Watch 1,Infinix,0 Reviews,IN STOCK,,,T days typical use,,,1.83 inches,,,Bluetooth,,,,,"KSh 3,500","KSh 3,000",
75,Infinix Buds Neo XE-26,Infinix,0 Reviews,IN STOCK,,,40mAh-buds; 500mAh-case,,,,,,,,,,,"KSh 2,500","KSh 2,300",
76,Infinix Buds Lite XE-23,Infinix,0 Reviews,IN STOCK,,,46mAh-buds; 460mAh-case,,,,,,,,,,,"KSh 2,000","KSh 1,800",
77,Infinix INBOOK X2 Gen11,Infinix,0 Reviews,IN STOCK,,,"50Wh, 9 hours regular working",,,"14-inch, IPS",,"X2-i3, i5, i7","Wi-Fi, Bluetooth, USB","Grey, Blue, Green, Red",Windows 11 Home,,,"KSh 50,000",,
78,Infinix Buds Neo XE-27,Infinix,0 Reviews,IN STOCK,,,"buds-4.5 hours, with case-28 hours",,,,,,,,,,,"KSh 2,700","KSh 2,500",
79,Infinix Hot 40 Pro,Infinix,0 Reviews,IN STOCK,8GB,,"5,000 mAh, 18W Fast charging",,,"6.78 inches, IPS LCD, 120Hz",,"Octa-core, Unisoc T606 (12 nm)","4G, Dual SIM","Starlit Black, Palm Blue, Horizon Gold, Starfall Green","Android 13, XOS 13.5",,,"KSh 22,000","KSh 20,500",
80,Infinix Note 40 4G,Infinix,0 Reviews,IN STOCK,8GB,,"5,000mAh, 45W",,,6.78 inches,,,,"Titan Gold, Obsidian Black","Android 14, XOS 14",,,"KSh 28,000","KSh 26,000",
81,Infinix Note 40 Pro+ 5G,Infinix,0 Reviews,IN STOCK,12GB,,"4,600mAh",,,"6.78-inch, AMOLED",,,"5G, Dual SIM",,"Android 14, XOS 14",,,"KSh 48,500","KSh 46,500",
82,Infinix Hot 40 4G,Infinix,0 Reviews,,8GB,,"5,000 mAh, 33W wired, 20-75% in 35 min Fast charging",,,"6.78 inches, IPS LCD, 90Hz",,"Octa-core, Mediatek MT6769H Helio G88 (12nm)","4G, Dual SIM","Palm Blue, Horizon Gold, Starlit Black, Starfall Green","Android 13, XOS 13.5",,,"KSh 26,500","KSh 23,500",
83,Infinix Note 30 Pro,Infinix,,IN STOCK,8GB,256GB,"5000 mAh, 33W wired",108 MP + 2 MP + QVGA,32 MP,"6.67 inches, AMOLED, 120Hz",,Mediatek Helio G99,"Dual sim, 3G, 4G, Wi-Fi","Magic Black, Interstellar Blue, Sunset Gold",Android 13,,,"KSh 45,000","KSh 23,000",
84,Google Pixel 9 Pro XL,Google,0 Reviews,IN STOCK,12GB,"128GB, 256GB, 512GB","5,060 mAh",50MP + 48MP+ 48MP,42 MP,"6.8-inch, OLED",,Google Tensor G4 (5 nm),"3G, 4G, 5G, Wi-Fi","Porcelain, Rose Quartz, Hazel, Obsidian",Android 14,,,"KSh 152,000","KSh 148,000",N/A
85,Google Pixel 9 Pro,Google,0 Reviews,,16 GB,"128GB, 256GB, 512GB, 1TB",4700 mAh,50MP + 48MP+ 48MP,42 MP,"6.3-inch, OLED",,Google Tensor G4 (5 nm),"3G, 4G, 5G, Wi-Fi","Porcelain, Rose Quartz, Hazel, Obsidian",Android 14,,,"KSh 140,000",,
86,Google Pixel 9,Google,0 Reviews,IN STOCK,12 GB,"128GB, 256GB",4700 mAh,50MP + 48MP,10.5 MP,"6.4-inch, OLED",,Google Tensor G4 (5 nm),"3G, 4G, 5G, Wi-Fi","Obsidian, Porcelain, Wintergreen, Peony",Android 14,,,"KSh 110,500","KSh 107,500",N/A
87,Google Pixel Watch 2,Google,0 Reviews,IN STOCK,,,306 mAh,,,,,,,"Polished Silver, Matte Black, Champagne Gold",Android Wear OS 4,,,"KSh 45,000","KSh 38,000",
88,Google Pixel Watch 1,Google,0 Reviews,IN STOCK,,,"294 mAh, Wireless (Qi)",,,"1.2 inches, AMOLED",,,"eSIM, NFC, Wi-Fi, Bluetooth","Matte Black, Polished Silver, Champagne Gold",Android Wear OS 3.5,,,"KSh 30,000","KSh 26,500",
89,Google Pixel USB-C Wired In-Earphones,Google,0 Reviews,IN STOCK,,,,,,,,,,White,,,,"KSh 4,500",,
90,Google Pixel 8a,Google,0 Reviews,IN STOCK,8GB,,"4492 mAh, non-removable",,,"6.1 inches, OLED",,,5G,,,,,"KSh 59,000","KSh 64,500",N/A
91,Google Pixel Tablet,Google,0 Reviews,IN STOCK,8 GB,128GB,27 Wh,8MP,8MP,"10.95 inches, IPS LCD",,Google Tensor G2,"Bluetooth, WI-FI","Porcelain, Hazel, Rose",Android 13,,,"KSh 98,000","KSh 95,000",
92,Google Pixel 7a,Google,3 Reviews,IN STOCK,8 GB,128GB,4385 mAh,64MP + 13MP,13 MP,"6.1 inches, OLED, 90Hz",,Google Tensor G2,"Bluetooth 5.3, 4G, 5G, WI-FI","Charcoal, Sea, and Snow",Android 13,,,"KSh 50,000","KSh 47,000",
93,Google Pixel 8 Pro,Google,0 Reviews,IN STOCK,12 GB,"128GB, 256GB","5,050mAh",50MP + 48MP + 48MP,10.5 MP,"6.7-inch, LTPO OLED",,Google Tensor G3 (4 nm),"3G, 4G, 5G, Wi-Fi","Obsidian, Porcelain, and Bay",Android 14,,,"KSh 91,000","KSh 100,500",N/A
94,Google Pixel 8,Google,0 Reviews,IN STOCK,8 GB,"128GB, 256GB","4,575mAh",50MP + 12MP,10.5 MP,"6.2-inch, OLED",,Google Tensor G2 (5 nm),"3G, 4G, 5G, Wi-Fi","Obsidian, Hazel and Rose",Android 14,,,"KSh 64,500","KSh 78,000",N/A
95,Google Pixel 7 Pro,Google,0 Reviews,IN STOCK,"8GB,12GB","128GB, 256GB",5000 mAh,50 MP + 48 MP + 12 MP,10.8 MP,6.7 inch,,Google Tensor G2,"GSM, CDMA, HSPA, EVDO, LTE,5G","Obsidian, Snow, Hazel",Android 13,,,"KSh 55,500","KSh 62,000",N/A
96,Google Pixel 7,Google,0 Reviews,IN STOCK,8GB,128GB,"4,355mAh",50MP + 12MP,10.8 MP,6.4 inch,,Google Tensor G2 (5 nm),"3G, 4G, 5G, Wi-Fi","Obsidian, Lemongrass, Snow",Android 13,,,"KSh 52,000","KSh 50,000",
97,Google Pixel 6a,Google,0 Reviews,IN STOCK,6 GB,128GB,4410mAh,12.2MP + 12MP,8 MP,6.1 inch,,Google Tensor,"GSM, CDMA, HSPA, EVDO, LTE,5G","Chalk, Charcoal, Sage",Android 12,,,"KSh 45,000","KSh 38,500",
98,Google Pixel 6,Google,0 Reviews,,8 GB,128GB,4614mAh,50MP + 12MP,8 MP,6.4 inch,,Google Tensor,"GSM, CDMA, HSPA, EVDO, LTE,5G","Sorta Seafoam, Kinda Coral, Stormy Black",Android 12,,,"KSh 50,000","KSh 45,000",
99,Itel RS4,,0 Reviews,IN STOCK,"8GB, 12GB",,"5000mAh, 45W wired, bypass charging, 80% in 30 mins.",,,"6.56-inch, IPS LCD",,,"4G, NFC, Bluetooth, USB-C,",,Android 13,,,"KSh 23,800",,
100,Itel A50,,0 Reviews,IN STOCK,"2GB, 3GB, 4GB",,"5000mAh, 10W",,,,,,,,Android 14 (Go edition),,,"KSh 12,000","KSh 10,000",
101,Itel Pad 1 Mini,,0 Reviews,IN STOCK,2GB,,4000mAh,,5MP,,,,"4G, Wi-Fi and Bluetooth",,Android 13,,,"KSh 13,800","KSh 12,500",
102,Itel S24,,0 Reviews,IN STOCK,"4GB,",,"5000mAh, 18W",,,"6.6 inches, IPS LCD",,,4G,,Android 13,,,"KSh 17,000","KSh 15,500",
103,Itel P55 5G,,0 Reviews,IN STOCK,"4GB, 6GB",,"5000mAh, 18W",,,"6.6-inch IPS LCD, 90Hz",,,5G,"Galaxy Blue, Mint Green",Android 13,,,"KSh 22,000",,
104,Itel P55+,,0 Reviews,IN STOCK,"4GB, 8GB",,"5000mAh, 45W",,,"6.6-inch IPS LCD, 90Hz",,,4G,"Royal Green, Galaxy Blue, Meteor Purple",Android 13,,,"KSh 16,500",,
105,Itel P55 4G,,0 Reviews,IN STOCK,"4GB, 8GB",,"5000mAh, 18W.",,,,,Unisoc T606 chipset (12 nm),"4G, Bluetooth, Wi-Fi,",,,,,"KSh 15,500","KSh 12,500",
106,Itel A18s,,0 Reviews,IN STOCK,2GB + 2GB Virtual,32GB,"3,020mAh battery",,,5.5-inch IPS LCD display,,Octa-core,,,,,,"KSh 9,000","KSh 8,600",
107,Itel A70,,0 Reviews,IN STOCK,"3GB, 4GB",,"5,000mAh",,,6.6-inches,,,,,,,,"KSh 12,300","KSh 14,500",N/A
108,Itel A05s,,0 Reviews,IN STOCK,2GB,,"4,000 mAh",,,6.6 inches,,Octa-core (4×1.6 GHz Cortex-A55 & 4×1.2 GHz Cortex-A55),,"Meadow Green, Nebula Black","Android 12 (Go Edition, Itel OS 8.6 system)",,,"KSh 12,000","KSh 10,500",
109,Itel S23 Plus,,0 Reviews,IN STOCK,"4GB, 8GB",,"5,000MP, 18W wired fast charging unit.",,,6.78 Inches,,,,"Black, Cyan",,,,"KSh 23,000","KSh 25,500",N/A
110,Itel S23,,0 Reviews,IN STOCK,"4GB, 8GB","128 GB, 256GB",5000mAh,50MP+ 0.08MP,5 MP,6.6 inches,,Unisoc T606 (12 nm),"Dual SIM, 4G, Wi-Fi","Starry Black, Mystery White",Android 12,,,"KSh 13,000","KSh 10,300",
111,Itel A60s,,0 Reviews,IN STOCK,4GB,64/128 GB,5000 mAh,8MP+QVGA,5 MP,6.6 inch,,Unisoc SC9863A1,"Dual sim, 4G, Wi-Fi","Shadow Black, Glacier Green, Moonlit Violet",Android 12,,,"KSh 13,000","KSh 16,000",N/A
112,Itel A18,,0 Reviews,IN STOCK,1GB,,2400 mAh,,,5.0 inches,,Quad-core Processor,,Morion Grey,Android 11 (Go Edition),,,"KSh 7,400","KSh 7,200",
113,itel KidPad 1,,0 Reviews,IN STOCK,1GB,,"4,000 mAh",,,7.0 inches,,"1.3 GHz, Quad-core","3G, Single-SIM",Blue,"Android 10, Go Edition",,,"KSh 11,500","KSh 11,300",
114,Nokia C22,,0 Reviews,IN STOCK,4GB,,5000 mAh,,,6.52 inch,,Unisoc SC9863A (28nm),"Dual sim, 4G, Wi-Fi","Sand, Midnight Black",Android 13 (Go edition),,,"KSh 18,000","KSh 17,500",
115,Nokia C32,,0 Reviews,IN STOCK,", 4GB",,"5,000 mAh",,,,,Unisoc SC9863A1 (22nm),,,,,,"KSh 18,500","KSh 18,300",
116,Nokia T21,,0 Reviews,IN STOCK,4GB,,"8,200 mAh",8 MP,8 MP,10.4 inch,,"Octa-core, Unisoc Tiger T612 (12 nm)","Nano SIM, 2G, 3G, 4G, Wi-Fi",Charcoal Grey,Android 12,,,"KSh 38,500","KSh 28,500",
117,Nokia G22,,0 Reviews,IN STOCK,4GB,128GB,"5,050mAh; 20W wired, PD3.0",,,"5 inches, IPS LCD",,"Octa-core, Unisoc T606 (12 nm)","Bluetooth v5.0, Wifi 8, FM Radio, 4G",,Android 12,,,"KSh 24,500","KSh 19,500",
118,Nokia G60 5G,,0 Reviews,IN STOCK,"4GB, 6GB","64GB, 128GB",4500 mAh,50MP+5MP+ 2MP,8 MP,6.58-inches,,Qualcomm Snapdragon 695 5G (6 nm),"Hybrid Dual SIM, 5G Band","Pure Black, Ice Gray",Android 12,,,"KSh 34,500","KSh 30,500",
119,Nokia X30 5G,,0 Reviews,IN STOCK,8GB,256GB,4200 mAh,50MP+13MP,16 MP,6.43-inches,,Qualcomm Snapdragon 695 5G,"dual SIM, 4G Band","Cloudy Blue, Ice White",Android 12,,,"KSh 65,000","KSh 58,500",
120,Nokia C21 Plus,,0 Reviews,,2GB,,"4,000mAh",,,6.52 inch,,Unisoc SC9863A,"Dual sim, 4G, Wi-Fi","Dark Cyan, Warm Gray",Android 11 (Go edition),,,"KSh 15,000","KSh 13,200",
121, Oppo Pad Neo,,0 Reviews,IN STOCK,"6GB, 8GB",,"8,000 mAh, non-removable",,,"4 inches, IPS LCD",,,"4G, Wi-Fi, Bluetooth",Gray,,,,"KSh 34,500",,
122,Oppo A3x 4G,Oppo,0 Reviews,IN STOCK,4GB,,"5,100mAh, 45W",,,"6.67 inches, IPS LCD",,,"4G, Bluetooth 5.0, GPS, NFC, USB Type-C",,"Android 14, ColorOS 14",,,"KSh 17,500","KSh 15,000",N/A
123,Oppo A3 4G,Oppo,0 Reviews,IN STOCK,6GB,,"5,100mAh, 45W",,,"67 inches, IPS LCD",,,"4G, Bluetooth 5.0, GPS, NFC, USB Type-C",,"Android 14, ColorOS 14",,,"KSh 26,000","KSh 24,000",N/A
124,Oppo Reno 12F 5G,Oppo,0 Reviews,IN STOCK,"8GB, 12GB",,"5000 mAh, 45W wired, PD2.0",,,"6.67 inch, AMOLED,120Hz",,Mediatek Dimensity 6300 (6 nm),"Dual sim, 3G, 4G, 5G","Olive Green, Amber Orange","Android 14, ColorOS 14",,,"KSh 55,000","KSh 44,500",
125,Oppo Reno 12 5G,Oppo,0 Reviews,IN STOCK,"8GB, 12GB",,"5000 mAh, 80W",,,"6.7 inch, AMOLED,120Hz",,Mediatek Dimensity 7300 Energy (4 nm),"Dual SIM, 3G, 4G, 5G","Matte Brown, Sunset Pink, Astro Silver","Android 14, ColorOS 14.1",,,"KSh 70,500","KSh 63,500",
126,Oppo A60 4G,,0 Reviews,IN STOCK,8GB,,"5,000 mAh, 45W (50% in 30 min)",,,"6.67 inch, IPS LCD, 90Hz",,Qualcomm SM6225 Snapdragon 680 4G (6 nm),"Dual SIM, 3G, 4G",Blue and Purple,"Android 14, ColorOS 14",,,"KSh 30,000","KSh 29,500",
127,Oppo Reno 11 F 5G,Oppo,0 Reviews,IN STOCK,8GB,,"5000 mAh, 67W",,,"6.7 inch, AMOLED,120Hz",,Mediatek Dimensity 7050 (6 nm),"Dual sim, 3G, 4G, 5G","Green, Blue and Pink","Android 14, ColorOS 14",,,"KSh 50,000","KSh 39,500",
128,Oppo Reno 11 Pro 5G,Oppo,0 Reviews,IN STOCK,12GB,,"4,700 mAh, 67W",,,"6.74 inch, AMOLED,120Hz",,Qualcomm SM8475 Snapdragon 8+ Gen 1 (4 nm),"Dual SIM, 3G, 4G, 5G","Black, Green, Silver","Android 14, ColorOS 14",,,"KSh 68,000","KSh 65,000",
129,Oppo Reno 11 5G,,0 Reviews,IN STOCK,12GB,,"4,800 mAh, 67W",,,"6.7 inch, AMOLED, 120Hz",,Mediatek Dimensity 8200 (4 nm),"Dual sim, 3G, 4G, 5G","Black, Green, Silver","Android 14, ColorOS 14",,,"KSh 70,500","KSh 62,500",
130,Oppo A18,,0 Reviews,IN STOCK,4GB,,"5,000 mAh",,,"6.56 inch, IPS LCD,90Hz",,Mediatek MT6769 Helio G85 (12nm),"Dual SIM, 4G, Wi-Fi","Glowing Black, Glowing Blue","Android 13, ColorOS 13.1",,,"KSh 15,000","KSh 17,300",N/A
131,Oppo A58 4G,,0 Reviews,IN STOCK,8GB,,"5,000 mAh with 33W Fast Charging",,,"6.72 inch, IPS LCD, 90Hz",,"Octa-core, Mediatek MT6769 Helio G85 (12nm)","Dual sim, 4G, Wi-Fi",,"Android 13, ColorOS 13.1",,,"KSh 27,000",,
132,Oppo A98 5G,,0 Reviews,IN STOCK,8GB,,"5,000 mAh",,,"6.43 inch, IPS LCD, 120Hz",,Qualcomm Snapdragon 695 5G,"Dual sim, 4G, 5G, Wi-Fi","Cool Black, Dreamy Blue, Bold Gold","Android 13, ColorOS 13.1",,,"KSh 45,500","KSh 39,500",
133,Oppo A78 4G,,0 Reviews,IN STOCK,8GB,,"5,000 mAh, 67W",,,,,Qualcomm SM6225 Snapdragon 680 4G (6 nm),"Dual sim, 4G, Wi-Fi","Mist Black, Aqua Green","Android 13, ColorOS 13.1",,,"KSh 35,000","KSh 32,500",
134,Oppo A38,,0 Reviews,IN STOCK,4/6GB,,5000 mAh,,,"6.56 inch, IPS LCD, 90Hz",,Mediatek Helio G85,"Dual sim, 4G, 5G, Wi-Fi","Glowing Black, Glowing Gold","Android 13, ColorOS 13.1",No Local Warranty,UAE / Dubai,"KSh 19,500","KSh 18,500",N/A
135,Oppo Reno 10 5G,,0 Reviews,IN STOCK,8GB,,"5000 mAh, 67W",,,"6.7 inch, AMOLED,120Hz",,Mediatek  Dimensity 7050,"Dual sim, 3G, 4G, 5G","Silvery Grey, Ice Blue","Android 13, ColorOS 13",,,"KSh 58,000","KSh 55,000",
136,Oppo Reno 10 Pro 5G,,0 Reviews,IN STOCK,12GB,,"4,600 mAh, 80W",,,"6.74 inch, AMOLED, 120Hz",,Qualcomm Snapdragon 778G 5G,"Dual SIM, 2G, 3G, 4G, 5G","Silvery Grey, Glossy Purple","Android 13, ColorOS 13",,,"KSh 68,000","KSh 65,000",
137,Oppo A58,,0 Reviews,IN STOCK,"6GB, 8GB",,"5000 mAh, 33W",,,"6.72 inch, IPS LCD, 90Hz",,MediaTek Helio G85,"Dual sim, 4G, Wi-Fi","Glowing Black, Dazzling Green","Android 13, ColorOS 13.1",,,"KSh 28,000","KSh 27,000",N/A
138,OnePlus Nord CE4 Lite,OnePlus,0 Reviews,IN STOCK,8GB,,"5,110 mAh non-removable Li-ion battery",,,"6.67 inch, AMOLED",,Qualcomm SM6375 Snapdragon 695 5G (6 nm),,,,,,"KSh 40,000","KSh 37,500",
139,OnePlus Nord 4,OnePlus,0 Reviews,IN STOCK,"8GB, 12GB, 16GB",,"5,500mAh, 100W",,,,,,"5G, Bluetooth 5.4",,Android 14 with OxygenOS 14.1,,,"KSh 55,000","KSh 65,000",N/A
140,OnePlus Buds 2 Pro,OnePlus,0 Reviews,IN STOCK,,,39 Hours of Playback,,,,,,,"Arbor Green, Misty White, and Obsidian Black",,,,"KSh 26,000","KSh 25,800",
141,OnePlus Nord N30 SE,OnePlus,0 Reviews,IN STOCK,4GB,128 GB,"5000 mAh, 33W",50MP + 2 MP,8MP,"6.72 inches, IPS LCD",,Mediatek Dimensity 6020 (7 nm),"Dual SIM, 5G, Wi-Fi","Black Satin, Cyan","Android 13, OxygenOS 13.1",,,"KSh 32,800","KSh 21,500",
142,OnePlus Nord CE4 5G,OnePlus,0 Reviews,IN STOCK,"8GB, 12GB",,"5,500 mAh non-removable Li-ion battery",,,It features a 6.74-inch AMOLED,,Qualcomm Snapdragon 7+ Gen 3 (4 nm),,,,,,"KSh 46,500","KSh 43,000",N/A
143,OnePlus Buds 3,OnePlus,0 Reviews,IN STOCK,,,up to 44Hours Playback,,,,,,Bluetooth v5.3,,,,,"KSh 15,000","KSh 11,500",SM-R510NLVAXAR-1-1-1-2
144,OnePlus Nord Buds 2r,OnePlus,0 Reviews,,,,38 Hours of playtime,,,,,,Bluetooth 5.3,"Triple Blue, Deep Grey",,,,"KSh 7,000",,SM-R510NLVAXAR-1-1-1
145,OnePlus 12 5G,OnePlus,,IN STOCK,"12GB, 16GB",,"5,400 mAh, 100W",,,"6.82 inch, LTPO AMOLED,120Hz",,Qualcomm SM8650-AB Snapdragon 8 Gen 3 (4 nm),"Dual SIM, 3G, 4G, 5G","Black, Green, Silver","Android 14, HyperOS",,,"KSh 91,000","KSh 97,000",N/A
146,OnePlus Ace 3,OnePlus,0 Reviews,IN STOCK,"12GB, 16GB",,"5,500 mAh, 100W",,,"6.78 inch, LTPO AMOLED, 1B colors, 120Hz, HDR10+, Dolby Vision",,Qualcomm SM8550-AB Snapdragon 8 Gen 2 (4 nm),"Dual SIM, 3G, 4G, 5G","Star Black, Moon Sea Blue, and Rose Gold.","Android 14, ColorOS 14",,,"KSh 90,000","KSh 78,500",
147,OnePlus Ace 2 Pro,OnePlus,0 Reviews,IN STOCK,24 GB,,"5,000 mAh, 150W wired",,,"6.74 inches, AMOLED, 120Hz, HDR10+",,Snapdragon 8 Gen 2,"Dual SIM, 5G, Wi-Fi","Aurora Green, Titanium Gray","Android 13, ColorOS 13.1",,,"KSh 102,000","KSh 99,000",
148,OnePlus Open,OnePlus,0 Reviews,IN STOCK,16GB,,"4805mAh, 67W wired, PD, 1-100% in 42 min",,,Main Display: 7.82 inches; Cover Display: 6.31 inches,,"Octa-core, Qualcomm SM8550-AB Snapdragon 8 Gen 2 (4 nm) SoC",,,,,,"KSh 220,000","KSh 185,000",
149,OnePlus 12R,OnePlus,0 Reviews,IN STOCK,"12GB,16GB",,"5,500 mAh, 100W fast charger.",,,"6.78 inches, Fluid AMOLED, 120Hz, HDR10+",,"Octa-core, Qualcomm SM8550-AB Snapdragon 8 Gen 2 (4 nm)","Dual SIM, 5G, Wi-Fi",Iron Gray and Cool Blue,"Android 14, OxygenOS 14",,,"KSh 65,000","KSh 66,500",N/A
150,OnePlus Nord CE 3 Lite 5G,OnePlus,0 Reviews,IN STOCK,8GB,256GB,"5000 mAh, 33W",108MP + 2 MP + 2 MP,16 MP,"6.72 inches, IPS LCD, 120Hz",,Qualcomm Snapdragon 695 5G,"Dual sim, 5G, Wi-Fi","Pastel Lime, Chromatic Gray","Android 13, OxygenOS 13.1",,,"KSh 27,000","KSh 32,500",N/A
151,OnePlus Pad,OnePlus,0 Reviews,IN STOCK,8GB,128GB,"9510 mAh, 67W wired",13 MP,8 MP,11.61 inches,,Mediatek Dimensity 9000,Wi-Fi,Halo Green,"Android 13, OxygenOS 13.1",,,"KSh 75,000","KSh 65,000",
152,OnePlus Buds Z,OnePlus,0 Reviews,,,,,,,,,,,,,,,"KSh 8,500",,5481100053
153,OnePlus 30W Warp Charger,OnePlus,0 Reviews,IN STOCK,,,,,,,,,,,,,,"KSh 6,500","KSh 5,500",
154,OnePlus Buds,OnePlus,0 Reviews,IN STOCK,,,,,,,,,,,,,,"KSh 14,500","KSh 13,500",
155,Realme C67 4G,,0 Reviews,IN STOCK,"8GB, 256GB",,"5,000 mAh, non-removable",,,"6.72 inches, IPS LCD",,,4G,,,,,"KSh 28,000","KSh 26,000",
156,Realme C51,,0 Reviews,IN STOCK,4GB,,"5,000 mAh, 33W wired",,,"6.74 inches, IPS LCD, 90Hz",,Unisoc Tiger T612,"Dual SIM, 4G, Wi-Fi",Mint Green and Carbon Black,"Android 13, Realme UI T",,,"KSh 19,800","KSh 16,000",
157,Realme C53,,0 Reviews,IN STOCK,"6GB,8GB",,"5000 mAh, 33W wired,",,,"6.72 inches, IPS LCD, 90Hz",,Unisoc Tiger T612,"Dual sim, 4G, Wi-Fi","Champion Gold, Mighty Black","Android 13, Realme UI T",,,"KSh 24,000","KSh 21,000",
158,Realme 10,,0 Reviews,IN STOCK,8GB,,"5,000 mAh, 33W Wired fast charger",,,"6.4 inches, Super AMOLED, 90Hz",,MediaTek Helio G99,"Dual SIM, 4G, Wi-Fi",White and Blue,"Android 12, Realme UI 3.0",,,"KSh 35,000","KSh 33,500",
159,Realme C55,,0 Reviews,IN STOCK,"6GB, 8GB",,5000 mAh,,,"6.72 inches, IPS LCD, 90Hz",,Mediatek Helio G88,"Dual sim, 4G, Wi-Fi","Sun Shower, Rainy Night, Rainforest","Android 13, Realme UI 4.0",,,"KSh 29,500","KSh 28,500",N/A
160,Realme C30s,,,IN STOCK,"2GB, 3GB, 4GB",,"5,000 mAh",,,6.5 inch,,Unisoc Tiger T612 (12 nm),"Dual SIM, supporting up to 4G","Stripe Blue, Stripe Black",Android 11,,,"KSh 11,500","KSh 12,500",N/A
161,Realme Pad Wi-Fi Only,,0 Reviews,IN STOCK,3GB,32GB,"7100 mAh, 18W",8 MP,"8 MP, 105˚ (ultrawide)","10.4 inches, IPS LCD",,Mediatek MT6769V/CU Helio G80,"4G, Nano-SIM, Wi-Fi","Gray, Gold",Android 11,,,"KSh 22,000","KSh 20,800",RMP2102-1
162,Realme Pad,,0 Reviews,IN STOCK,"3GB, 4GB, 6GB","32GB, 64GB, 128GB","7100 mAh, 18W",8 MP,"8 MP, 105˚ (ultrawide)","10.4 inches, IPS LCD",,Mediatek MT6769V/CU Helio G80,"4G, Nano-SIM, Wi-Fi","Gray, Gold",Android 11,,,"KSh 26,000","KSh 22,000",RMP2102
163,Tecno Camon 30 Premier,Tecno,0 Reviews,IN STOCK,12GB,,"5,000mAh, 70W",,,"6.77-inches, AMOLED, 120 Hz",,MediaTek 8200 Ultimate,5G,,Android 14 with HiOS 14,,,"KSh 71,500","KSh 69,500",
164,Tecno Pova 6 Neo 4G,Tecno,0 Reviews,IN STOCK,8 GB,,"7,000mAh, 33W",,,"6.78-inches, IPS LCD",,,"4G, WI-FI, NFC","Starry Silver, Speed Black, Comet Green","Android 14, HIOS 14",,,"KSh 30,000","KSh 26,500",
165,Tecno Camon 30 5G,Tecno,0 Reviews,,8GB /12GB,,"5,000mAh, 70W",,,"6.78-inches, AMOLED, 120 Hz",,Mediatek Dimensity 7020 (6 nm),5G,,Android 14 with HiOS 14,,,"KSh 48,500","KSh 47,500",
166,Tecno Camon 30,Tecno,,IN STOCK,8GB/12GB,,"5,000mAh, 70W",,,"6.78-inches, AMOLED, 120 Hz",,Mediatek Helio G99 Ultimate,4G,,Android 14 with HiOS 14,,,"KSh 31,500","KSh 30,500",
167,Tecno Spark 20 Pro Plus,Tecno,0 Reviews,IN STOCK,8GB,,"Li-Po 5,000mAh, 44W",,,"6.82-inch, AMOLED, 120Hz",,Octa-core Mediatek Helio G99 (6nm),,,Android 13,,,"KSh 30,000","KSh 29,500",
168,Tecno Spark 20 Pro,Tecno,0 Reviews,IN STOCK,8GB,,"Li-Po 5,000 mAh, 33W",,,"6.78-inch, IPS LCD, 90Hz",,Octa-core Mediatek Helio G99 (6nm),,,Android 13,,,"KSh 24,500","KSh 23,500",
169,Tecno Spark 20,Tecno,0 Reviews,IN STOCK,8GB,,"Li-Po 5,000 mAh, 18W",,,"6.56-inch, IPS LCD, 90Hz",,Octa-core Mediatek MT6769Z Helio G85 (12nm),,,Android 13,,,"KSh 16,500","KSh 19,500",N/A
170,Tecno Spark 20C,Tecno,0 Reviews,IN STOCK,"3GB, 4GB",,"Li-Po 5000 mAh, 18W",,,"6-inch, IPS LCD, 90Hz",,Octa-core MediaTek,,,Android 13,,,"KSh 17,000","KSh 16,000",
171,Tecno Pop 8,Tecno,0 Reviews,IN STOCK,"3GB, 4GB",,"5,000 mAh",,,"6.6 inches, IPS LCD",,Octa-core Unisoc T606 (12 nm),"Dual SIM, 4G, Wi-Fi","Mystery White, Alpenglow Gold, Magic Skin, Gravity Black",Android 13 (Go edition),,,"KSh 12,500","KSh 11,800",N/A
172,Tecno Phantom V Flip,Tecno,0 Reviews,IN STOCK,8GB,256GB,"4,000mAh",64MP + 13MP,32MP Cover lens,,32 inches,Mediatek Dimensity 8050 (6 nm),"Dual SIM, 2G, 3G, 4G, 5G, Wi-Fi","Iconic Black, Mystic Dawn","Android 13, HIOS 13.5",,,"KSh 102,000","KSh 78,500",
173,Tecno Camon 20 Pro 5G,Tecno,0 Reviews,IN STOCK,8 GB,256GB,"5000 mAh, 33W wired",,,"6.67 inches, AMOLED, 120Hz",,Mediatek Dimensity 8050,"Dual Sim, 3G, 4G, 5G, Wi-Fi","Black, Blue","Android 13, HIOS 13",,,"KSh 30,500","KSh 27,500",
174,Tecno Camon 20 Premier 5G,Tecno,0 Reviews,IN STOCK,8 GB,512  GB,5000 mAh,108 MP + 50 MP + 2 MP,32 MP,"6.67 inches, AMOLED, 120Hz",,Mediatek Dimensity 8050 (6 nm),"Dual sim, 3G, 4G, 5G, Wi-Fi","Dark Welkin, Serenity Blue","Android 13, HIOS 13",,,"KSh 55,000","KSh 47,000",
175,Tecno Camon 20 Pro 4G,Tecno,,,8 GB,"128GB, 256GB","5000 mAh, 33W wired",,,"6.67 inches, AMOLED, 120Hz",,Mediatek Helio G99,"Dual Sim, 3G, 4G, Wi-Fi","Predawn Black, Serenity Blue, Doodle edition","Android 13, HIOS 13",,,"KSh 45,000","KSh 29,500",
176,Tecno Pop 7,Tecno,0 Reviews,IN STOCK,2GB,,5000 mAh,,,6.6 inches,,Mediatek MT6761 Helio A22,"Dual sim, 4G, Wi-Fi","Endless Black, Capri Blue","Android 12, HIOS 12",,,"KSh 14,500","KSh 12,000",
177,Tecno Phantom V Fold,Tecno,2 Reviews,IN STOCK,12GB,256GB /  512GB,"5,000 mAh",50MP + 50MP +13MP,"16MP, 32MP Cover lens","7.85 inches foldable display, 6.42 inches folded display",6.52 inches,Mediatek Dimensity 9000+ (4 nm),"Dual sim, 2G, 3G, 4G, 5G, Wi-Fi","Black, White","Android 13, HiOS 13 Fold",,,"KSh 119,000","KSh 130,500",N/A
178,Tecno Phantom X2,Tecno,0 Reviews,IN STOCK,8GB,256GB,5160 mAh,64 MP + 13 MP + 2 MP,32 MP,"6.8 inches, AMOLED, 120Hz,",,MediaTek Dimensity 9000,"Dual sim, 4G, 5G, Wi-Fi","Stardust Gray, Moonlight Silver","Android 12, HIOS 12",,,"KSh 75,000","KSh 50,500",
179,Tecno Phantom X2 Pro 5G,Tecno,0 Reviews,IN STOCK,12GB,256GB,5160 mAh,50 MP + 50 MP + 13 MP,32 MP,"6.8 inches, AMOLED, 120Hz,",,MediaTek Dimensity 9000,"Dual sim, 4G, 5G, Wi-Fi","Stardust Gray, Mars Orange","Android 12, HIOS 12",,,"KSh 90,500","KSh 65,500",
180,Vivo Y28 4G,,0 Reviews,IN STOCK,"6GB, 8GB.","128GB, 256GB; expandable via microSD card (shared)","6,000 mAh, 44W charging",,,"6.68 inches, IPS LCD",,Mediatek Helio G85 (12 nm),"Dual SIM, 4G, Wi-Fi, Bluetooth, GPS","Agate Green, Gleaming Orange","Android 14, Funtouch 14",,,"KSh 22,500","KSh 24,800",N/A
181,Vivo Y18 4G,,0 Reviews,IN STOCK,4/6/8 GB,128GB/256GB,,50 MP + 0.08 MP,8 MP,"6.56 inches, IPS LCD, 840 nits (HBM)",,,"Dual SIM, 3G, 4G, Wi-Fi","Mocha Brown, Wave Aqua","Android 14, Funtouch 14",,,"KSh 20,000","KSh 18,500",N/A
182,Vivo Y03,,0 Reviews,IN STOCK,4GB,"64GB, 128GB","5,000mAh, 15W charging",,,"6.56 inches, IPS LCD",,Mediatek Helio G85 (12nm),"Dual SIM, 4G, Wi-Fi, Bluetooth, GPS","Space Black, Gem Green","Android 14, Funtouch 14",,,"KSh 13,700","KSh 15,500",N/A
183,Vivo V30 Lite,,0 Reviews,IN STOCK,16GB RAM (8GB + 8GB ),,5000 mAh – Type C 80W,,,"1 Billion Colors, 1300 nits",,685 Snapdragon® (6nm),,,,,,"KSh 35,500","KSh 33,500",
184,Vivo V30 5G,,0 Reviews,IN STOCK,"8GB, 12GB",,"5,000 mAh, non-removable",,,"6.78 inches, AMOLED",,,5G,,,,,"KSh 62,500","KSh 58,000",
185,Vivo Y27s,,0 Reviews,IN STOCK,8 GB,128GB/256GB,"5,000 mAh",50 MP + 2 MP,8 MP,"6.64 inches, IPS LCD, 600 nits (peak)",,Qualcomm SM6225 Snapdragon 680 4G (6 nm),"Dual SIM, 3G, 4G, Wi-Fi","Burgundy Black, Garden Green","Android 13, Funtouch 13.",,,"KSh 33,500","KSh 32,500",
186,Vivo V29,,,IN STOCK,12GB,256GB,"5,000 mAh",50 MP + 8 MP + 2MP,850MP,"6.78-inchAMOLED, 1B colors, 120Hz, HDR10+",,"Octa-core, Qualcomm SM7325 Snapdragon 778G 5G (6 nm)","Dual SIM, 3G, 4G, 5G, Wi-Fi","Space Black, Himalayan Blue, Purple Fairy, Majestic Red","Android 13, Funtouch 13.",,,"KSh 62,800","KSh 57,500",
187,Vivo V29e,,0 Reviews,IN STOCK,8 GB,256GB,"4,800 mAh",64MP + 8MP,50MP,"6.67-inch, AMOLED, 120Hz, 1150 nits (peak)",,"Octa-core, Qualcomm SM6375 Snapdragon 695 5G (6 nm)","Dual SIM, 3G, 4G, 5G, Wi-Fi","Forest Black, Rose Gold, Ice Creek Blue","Android 13, Funtouch 13.",,,"KSh 48,500","KSh 45,500",
188,Vivo Y17s,,0 Reviews,IN STOCK,6GB,128GB,"5,000 mAh",50 MP + 2 MP,8 MP,6.56 inches,,Octa-core Mediatek MT6769 Helio G85 (12nm),"Dual SIM, 3G, 4G, Wi-Fi","Glitter Purple, Forest Green","Android 13, Funtouch 13",,,"KSh 22,500","KSh 20,500",
189,Vivo Y02t,,0 Reviews,IN STOCK,4GB,64GB,"5,000 mAh",8MP,5MP,6.51 inches,,Octa-core Mediatek MT6765 Helio P35 (12nm),"Dual SIM, 3G, 4G, Wi-Fi","Orchid Blue, Cosmic Grey, Sunset Gold","Android 13, Funtouch 13",,,"KSh 18,000","KSh 17,200",
190,Vivo Y35,,0 Reviews,IN STOCK,8GB,128GB,5000 mAh,50 MP + 2 MP+ 2 MP,16 MP,6.58 inches,,Snapdragon 680 4G,"Dual SIM, 3G, 4G, Wi-Fi","Dawn Gold, Agate Black","Android 11, Funtouch 12",,,"KSh 29,999","KSh 26,500",
191,Xiaomi Smart Band 8 Pro,Xiaomi,0 Reviews,IN STOCK,,,"Up to 14 days battery life, convenient Magnetic Charging.",,,1.74-inch 2.5D curved AMOLED Screen.,,,Bluetooth 5.3,,,,,"KSh 12,000","KSh 10,500",
192,Xiaomi POCO F6,,0 Reviews,IN STOCK,"8GB, 12GB","256GB, 512GB","5000 mAh, 90W",50MP+8MP,20MP,"6.67 inches, AMOLED, 120Hz",,Qualcomm SM8635 Snapdragon 8s Gen 3 (4 nm),"Dual SIM, 3G, 4G, 5G, Wi-Fi","Black, Green, Titanium",,,,"KSh 55,800","KSh 50,000",
193,Xiaomi Smart Band 9,Xiaomi,0 Reviews,IN STOCK,,,233mAh,,,"AMOLED,1.62 inches",,,Bluetooth 5.4,,,,,"KSh 8,500","KSh 7,500",
194,Xiaomi POCO X6 Pro,Xiaomi,0 Reviews,IN STOCK,"8GB, 12GB",,"5,000 mAh, 67W",,,"6.67 inch, AMOLED,120Hz",,Mediatek Dimensity 8300 Ultra (4 nm),"Dual SIM, 3G, 4G, 5G","Black, Yellow and Gray","Android 14, HyperOS",,,"KSh 57,500","KSh 57,000",
195,Xiaomi Redmi 13 4G,Xiaomi,0 Reviews,IN STOCK,"6GB, 8GB","128GB, 256GB","5,030 mAh",108 MP + 2MP,"13 MP, f/2.5, (wide)","6.79 inches, IPS LCD",,Mediatek Helio G91 Ultra (12 nm),"Dual SIM, 3G, 4G, VoLTE, Wi-Fi","Midnight Black, Sandy Gold, Ocean Blue, Pink","Android 14, HyperOS",,,"KSh 19,000","KSh 18,500",N/A
196,Xiaomi Redmi A3x,Xiaomi,0 Reviews,IN STOCK,"3GB, 4GB",,"5000mAh, 10W charging",,,"6.71 inches, IPS LCD, 500 nits brightness",,Unisoc T603 (22 NM),"Dual SIM, 4G, Wi-Fi, Bluetooth, GPS","Midnight Black, Moonlight White, Aurora Green",Android 14 (MIUI),,,"KSh 12,000","KSh 11,500",N/A
197,Redmi Watch 3 Active,Xiaomi,0 Reviews,IN STOCK,,,289mAh,,,1.83-inch LCD,,,Bluetooth v5.3,,,,,"KSh 8,500","KSh 7,000",
198,Xiaomi Smart Band 8,Xiaomi,,IN STOCK,,,"190mAh, 14-16 days",,,1.62-inch AMOLED,,,V5.1,,,,,"KSh 6,500",,
199,Redmi Note 13 Pro Plus,Xiaomi,0 Reviews,IN STOCK,"8GB, 12GB, 16GB",,"5,000mAh, 120W Fast Charger.",,,,,"Octa-Core, Mediatek Dimensity 7200 Ultra (4 nm)",,,,,,"KSh 55,000","KSh 54,500",
200,Xiaomi Redmi A3,Xiaomi,0 Reviews,IN STOCK,"3GB, 4GB, 6GB",,"5000mAh, 10W charging",,,"6.71 inches, HD+ resolution, 400 nits brightness",,MediaTek Helio G36 (12 nm),"Dual SIM, 4G, Wi-Fi, Bluetooth, GPS","Midnight Black, Olive Green, Lake Blue",Android 13 (Go Edition),,,"KSh 11,500","KSh 13,000",N/A
201,Redmi Note 13 4G,Xiaomi,0 Reviews,IN STOCK,"6GB, 8GB","128GB, 256GB","5000 mAh, 33W",108MP + 8MP + 2MP,16 MP,"6.67 inches, AMOLED, 120Hz",,Qualcomm SM6225 Snapdragon 685,"Dual SIM, 3G, 4G, Wi-Fi","Midnight Black, Mint Green, Ice Blue, Ocean Sunset","Android 13, MIUI 14",,,"KSh 23,500","KSh 21,500",N/A
202,Xiaomi TV Box S (2nd Gen),Xiaomi,0 Reviews,IN STOCK,,,,,,,,,"Bluetooth 5.2, Dual-band Wi-Fi",,,,,"KSh 10,000",,
203,Redmi 12,Xiaomi,,IN STOCK,"4GB, 8GB","128GB, 256GB","5,000 mAh, 18W",50 MP + 8 MP+ 2 MP,5MP,"6.71 inch, IPS LCD, 90Hz",,Mediatek Helio G88,"Dual sim, 3G, 4G, VoLTE, Wi-Fi","Midnight Black, Sky Blue, Polar Silver, Moonstone Silver","Android 13, MIUI 14",,,"KSh 17,500","KSh 20,500",N/A
204,Redmi Note 13 Pro 4G,Xiaomi,0 Reviews,IN STOCK,"8GB, 12GB","128GB, 256GB, 512GB","5000 mAh, 67W",200MP + 8MP + 2MP,16 MP,"6.67 inches, OLED, 68B colours, 120Hz, Dolby Vision, 1300 nits (peak)",,Helio G99 Ultra,"Dual SIM, 3G, 4G, Wi-Fi","Midnight Black, Lavender Purple, Forest Green","Android 13, MIUI 14",,,"KSh 56,500","KSh 41,500",N/A
205,Xiaomi Poco M6 Pro 5G,Xiaomi,0 Reviews,IN STOCK,"4GB, 6GB, 8GB","64GB, 128 GB","5,000 mAh, 18W",50MP + 2MP,8MP,"IPS LCD, 90Hz, 550 nits",,"Octa-core, Qualcomm Snapdragon 4 Gen 2 (4 nm)","3G, 4G, 5G, Bluetooth 5.3, Wi-Fi","Power Black, Forest Green","Android 13, MIUI 14",,,"KSh 39,500","KSh 36,000",
206,Redmi 13C,Xiaomi,0 Reviews,IN STOCK,"4GB, 6GB, 8GB","256GB, 128GB","5,000 mAh",50 MP + 0.08 MP,5MP,6.71 inch,,Mediatek Helio G85,"Dual sim, 3G, 4G, VoLTE, Wi-Fi","Black, Blue, Mint, Violet","Android 13, MIUI 13",,,"KSh 16,000","KSh 14,000",N/A
207,Redmi Note 13 Pro 5G,Xiaomi,0 Reviews,IN STOCK,12,512GB,"5,100 mAh, 67W",200 MP + 8 MP + 2 MP,16 MP,"6.67 inches, OLED, 120Hz, HDR10",,Qualcomm SM7435-AB Snapdragon 7s Gen 2 (4 nm),"Dual SIM, 4G, 5G, VoLTE, Wi-Fi","Midnight Black, Aurora Purple (Coral Purple), Ocean Teal, Arctic White","Android 13, upgradable to Android 14, HyperOS",,,"KSh 39,000","KSh 44,500",N/A
208,Xiaomi Mi Band 7,Xiaomi,0 Reviews,IN STOCK,,,180mAh,,,1.62-inch AMOLED,,,Bluetooth 5.2,"White, Black, Blue, Pink, Green, and Orange",,,,"KSh 10,500","KSh 7,000",
