timestamp,productName,Brand,price,oldPrice,discount,verifiedRatings,stock,Key_Features
2024-10-05 21:58:32,Samsung Galaxy S24 FE 5G,Samsung,,85000.0,,0,IN STOCK,"{'RAM': '8GB', 'Battery': '4700mAh, 15W', 'Display': '6.7-inch, Dynamic AMOLED 2X', 'Connectivity': '5G, Wi-Fi 7, Bluetooth 5.3, NFC, USB-C, GPS', 'OS': 'Android 14, One UI 6.1', 'Main Camera': '50MP+8MP+12MP', 'Internal Storage': '128GB, 256GB, 512GB', 'Selfie Camera': '10MP'}"
2024-10-05 21:58:37,Samsung Galaxy Z Flip 6,Samsung,131500.0,103000.0,-27.67,0,IN STOCK,"{'RAM': '12 GB', 'Battery': '4000mAh, 25W', 'Display': '6.7 inch, AMOLED, 120Hz', 'Processor': 'Qualcomm Snapdragon 8 Gen 3', 'Connectivity': 'Dual SIM, 3G, 4G, 5G, VoLTE, Wi-Fi', 'Colors': 'Yellow, Silver Shadow, Mint, Blue, Black, White, Peach', 'OS': 'Android 14, One UI 6.1.1', 'Main camera': '50 MP + 12 MP', 'Front camera': '10 MP', 'Internal Storage': '256GB, 512GB'}"
2024-10-05 21:58:43,Samsung Galaxy Z Fold 6,Samsung,196000.0,162000.0,-20.99,0,IN STOCK,"{'RAM': '12GB', 'Battery': '4,4000mAh', 'Display': '7.6 inches Super AMOLED display (unfolded); 6.3-inches when folded', 'Processor': 'Qualcomm SM8550-AC Snapdragon 8 Gen 3 (4 nm)', 'Connectivity': 'Dual SIM, 3G, 4G, 5G, Wi-Fi', 'Colors': 'Navy, Silver Shadow, Pink, Black, White', 'Operating System': 'Android 14, One UI 6.1.1', 'Main camera': '50MP + 10MP + 12MP', 'Front camera': '4MP', 'Internal Storage': '256GB, 512GB, 1TB'}"
2024-10-05 21:58:48,Samsung Galaxy M55,Samsung,41000.0,45000.0,8.89,0,IN STOCK,"{'RAM': '8GB', 'Battery': '5000 mAh, non-removable, 45W', 'Connectivity': '5G', 'OS': 'Android 14, One UI 6.1', 'Main Camera': '50MP + 8MP + 2MP', 'Selfie Camera': '50MP'}"
2024-10-05 21:58:54,Samsung Galaxy A35 5G,Samsung,40500.0,32000.0,-26.56,0,IN STOCK,"{'RAM': '8GB', 'Battery': '5,000 mAh', 'Display': '6.6 inches, 120 Hz', 'Processor': 'Exynos 1380 SoC', 'Connectivity': 'Dual SIM, 2G, 3G, 4G, 5G, Wi-Fi', 'Colors': 'Iceblue, Lilac, Navy', 'OS': 'Android 14, One UI 6.1,', 'Main camera': '50MP + 8MP + 5MP', 'Front camera': '13MP', 'Internal Storage': '256GB'}"
2024-10-05 21:59:00,Samsung Galaxy A55 5G,Samsung,42000.0,55000.0,23.64,0,IN STOCK,"{'RAM': '8GB', 'Battery': '5,000 mAh', 'Display': '6 inches, 120 Hz', 'Processor': 'Exynos 1480 SoC', 'Connectivity': 'Dual SIM, 2G, 3G, 4G, Wi-Fi', 'Colors': 'Iceblue, Lilac, Navy, Lemon', 'OS': 'Android 14, One UI 6.1,', 'Main camera': '50 MP + 12MP + 5 MP', 'Front camera': '32MP', 'Internal Storage': '128 GB, 256GB'}"
2024-10-05 21:59:05,Samsung Galaxy A25 5G,Samsung,29000.0,25500.0,-13.73,0,IN STOCK,"{'RAM': '8GB', 'Battery': '5,000 mAh, 25W', 'Display': '6.5 inch', 'Processor': 'Octa-core Exynos 1280 (5 nm)', 'Connectivity': 'Dual SIM, 2G, 3G, 4G, 5G, Wi-Fi', 'Colors': 'Brave Black, Personality Yellow, Fantasy Blue, Optimistic Blue', 'OS': 'Android 14, One UI 6', 'Main camera': '50MP + 8MP + 2MP', 'Front camera': '13 MP', 'Internal Storage': '256GB'}"
2024-10-05 21:59:11,Samsung Galaxy M15 4G,Samsung,25000.0,26000.0,3.85,0,IN STOCK,"{'RAM': '6', 'Battery': '6,000mAh, 25W', 'Display': '6.5-inch Super AMOLED', 'Processor': 'MediaTek Helio G99 SoC', 'Connectivity': '4G', 'Operating System': 'Android 14-based One UI 6', 'Main Camera': '50MP + 5MP + 2MP', 'Selfie Camera': '13MP'}"
2024-10-05 21:59:16,Samsung Galaxy F15 5G,Samsung,23500.0,26500.0,11.32,0,IN STOCK,"{'RAM': '4/6GB', 'Battery': '6000mAh, 25W', 'Display': '6 inches, Super AMOLED', 'Processor': 'Octa-core, Mediatek Dimensity 6100+ (6 nm)', 'Connectivity': '5G', 'OS': 'Android 14, One UI 6', 'Main Camera': '50MP+5MP+2MP', 'Selfie Camera': '13 MP, f/2.0, (wide)'}"
2024-10-05 21:59:22,Samsung Galaxy S24 5G,Samsung,87000.0,95500.0,8.9,0,IN STOCK,"{'RAM': '8GB', 'Battery': '4,000 mAh', 'Display': '6.2 inch + Dynamic LTPO AMOLED 2X, 120Hz, HDR10+, 2600 nits (peak)', 'Processor': 'Qualcomm Snapdragon 8 Gen 3 (4nm)', 'Connectivity': 'Dual SIM, 3G, 4G, 5G, Wi-Fi', 'Colors': 'Onyx Black, Marble Grey, Cobalt Violet, Amber Yellow, Jade Green, Sandstone Orange, Sapphire Blue', 'OS': 'Android 14, One UI 6.1', 'Main camera': '50MP + 10MP + 12MP', 'Front camera': '12 MP (wide)', 'Internal Storage': '128GB / 256GB / 512GB/1TB'}"
2024-10-05 21:59:28,Samsung Galaxy S24 Plus,Samsung,105000.0,102000.0,-2.94,0,IN STOCK,"{'RAM': '12GB', 'Battery': '4900mAh', 'Display': '6.7 inch, AMOLED, 120Hz', 'Processor': 'Snapdragon 8 Gen 3 / Exynos 2400', 'Connectivity': 'Dual sim, 2G, 3G, 4G, 5G', 'Colors': 'Onyx Black, Marble Grey, Cobalt Violet, Amber Yellow, Jade Green, Sandstone Orange, Sapphire Blue', 'OS': 'Android 14, One UI 6.1', 'Main camera': '50 MP + 10 MP + 12 MP', 'Front camera': '12 MP', 'Internal Storage': '256 / 512GB'}"
2024-10-05 21:59:34,Samsung Galaxy S24 Ultra,Samsung,178000.0,120000.0,-48.33,2,IN STOCK,"{'RAM': '12GB', 'Battery': '5000 mAh', 'Display': '6.8 inch + 120Hz AMOLED display', 'Processor': 'Qualcomm Snapdragon 8 Gen 3', 'Connectivity': 'Dual SIM, 3G, 4G, 5G, Wi-Fi', 'Colors': 'Titanium Black, Titanium Gray, Titanium Violet, Titanium Yellow, Titanium Blue, Titanium Green, Titanium Orange', 'OS': 'Android 14, One UI 6.1', 'Main camera': '200MP + 50MP + 10MP + 10MP', 'Front camera': '12 MP', 'Internal Storage': '256GB, 512GB, 1TB'}"
2024-10-05 21:59:39,Samsung Galaxy A25 4G,Samsung,,37500.0,,0,SOLD OUT,"{'RAM': '6GB, 8GB', 'Battery': '5,000 mAh, 25W', 'Display': '6.5 inches', 'Processor': 'Mediatek Helio G99 (6nm)', 'Connectivity': 'Dual SIM, 2G, 3G, 4G, Wi-Fi', 'Colors': 'Black, Lime Green, Blue gradient, Dark red', 'OS': 'Android 13, upgradable to Android 14, One UI 6', 'Main camera': '50MP + 5MP + 2MP', 'Front camera': '13 MP', 'Internal Storage': '128GB'}"
2024-10-05 21:59:44,Samsung Galaxy A15 4G,Samsung,24000.0,18500.0,-29.73,2,IN STOCK,"{'RAM': '4GB, 6GB', 'Battery': '5,000 mAh', 'Display': '6.4 inch', 'Processor': 'Mediatek Helio G99 (6nm)', 'Connectivity': 'Dual SIM, 2G, 3G, 4G, Wi-Fi', 'Colors': 'Black, Personality Yellow, Fantasy Blue, Optimistic Blue', 'OS': 'Android 14', 'Main camera': '50MP + 5MP + 2MP', 'Front camera': '13 MP', 'Internal Storage': '64GB, 128GB'}"
2024-10-05 21:59:50,Samsung Galaxy A54 5G,Samsung,46500.0,47000.0,1.06,0,IN STOCK,"{'RAM': '8GB', 'Battery': '5,000 mAh', 'Display': '6.46 inches, 120 Hz', 'Processor': 'Exynos 1380', 'Connectivity': 'Dual sim, 2G, 3G, 4G, Wi-Fi', 'Colors': 'Lime, Graphite, Violet, White', 'OS': 'Android 13, One UI 5.1', 'Main camera': '50 MP + 12MP + 5 MP', 'Front camera': '32MP', 'Internal Storage': '256GB'}"
2024-10-05 21:59:56,Samsung Galaxy A24,Samsung,27000.0,27500.0,1.82,0,IN STOCK,"{'RAM': '6GB,', 'Battery': '5000 mAh, 25W wired', 'Display': '6.5 inches, AMOLED, 90Hz', 'Processor': 'Mediatek Helio G99', 'Connectivity': 'Dual sim, 3G, 4G, Wi-Fi', 'Colors': 'Black, Lime Green, Blue gradient, Dark Red', 'OS': 'Android 13, One UI 5.1', 'Main camera': '50 MP + 5 MP + 2 MP', 'Front camera': '13 MP', 'Internal Storage': '128GB'}"
2024-10-05 22:00:02,Samsung Galaxy A34 5G,Samsung,36000.0,32000.0,-12.5,2,IN STOCK,"{'RAM': '6GB', 'Battery': '5,000 mAh with 25W charging', 'Display': '6.6 inch, AMOLED, 120Hz', 'Processor': 'MediaTek Dimensity 1080', 'Connectivity': 'Dual sim, 3G, 4G, 5G', 'Colors': 'Lime, Graphite, Violet, Silver', 'OS': 'Android 13, One UI 5.1', 'Main camera': '48 MP + 8 MP + 5 MP', 'Front camera': '13 MP', 'Internal Storage': '128GB'}"
2024-10-05 22:00:08,Samsung Galaxy S23 FE 5G,Samsung,63000.0,68000.0,7.35,3,IN STOCK,"{'RAM': '8GB', 'Battery': '4,500 mAh', 'Display': '6.4 inch, 120Hz AMOLED', 'Processor': 'Exynos 2200 International, Snapdragon 8 Gen 1 – USA', 'Connectivity': 'Dual sim, 2G, 3G, 4G, 5G, Wi-Fi', 'Colors': 'Mint, Cream, Graphite, Purple, Indigo and Tangerine', 'OS': 'Android 13, One UI 5.1', 'Main camera': '50MP + 8MP + 12MP', 'Front camera': '12 MP', 'Internal Storage': '256GB'}"
2024-10-05 22:00:14,Samsung Galaxy A05,Samsung,14500.0,13200.0,-9.85,0,IN STOCK,"{'RAM': '4GB', 'Battery': '5,000 mAh', 'Display': '6.7 inch, LCD, 90Hz', 'Processor': 'Snapdragon 680 4G', 'Connectivity': 'Dual SIM, 2G, 3G, 4G', 'Colors': 'Black, Silver, Light Green', 'OS': 'Android 13', 'Main camera': '50 MP + 2 MP', 'Front camera': '8 MP', 'Internal Storage': '64/128GB'}"
2024-10-05 22:00:20,Samsung Galaxy A05s,Samsung,16000.0,14500.0,-10.34,3,IN STOCK,"{'RAM': '4GB', 'Battery': '5000 mAh', 'Display': '6.7 inch, LCD, 90Hz', 'Processor': 'Snapdragon 680 4G', 'Connectivity': 'Dual sim, 2G, 3G, 4G', 'Colors': 'Black, Silver, Light Green, Violet', 'OS': 'Android 13', 'Main camera': '50 MP + 2 MP+ 2 MP', 'Front camera': '13 MP', 'Internal Storage': '128GB'}"
2024-10-05 22:00:27,Samsung Galaxy Z Flip 5,Samsung,88500.0,79500.0,-11.32,0,IN STOCK,"{'RAM': '8 GB', 'Battery': '3700 mAh, 25W', 'Display': '6.7 inch, AMOLED, 120Hz', 'Processor': 'Qualcomm Snapdragon 8 Gen 2', 'Connectivity': 'Dual sim, 3G, 4G, 5G, VoLTE, Wi-Fi', 'Colors': 'Icy Blue, Phantom Black, Cream, Gray, Blue', 'OS': 'Android 13, One UI 5.1.1', 'Main camera': '12 MP + 12 MP', 'Front camera': '10 MP', 'Internal Storage': '256GB, 512GB'}"
2024-10-05 22:00:33,Samsung Galaxy Z Fold 5,Samsung,147000.0,138000.0,-6.52,0,IN STOCK,"{'RAM': '12 GB', 'Battery': '4,400 mAh', 'Display': '7.6 inch, AMOLED, 120Hz', 'Processor': 'Qualcomm Snapdragon 8 Gen 2', 'Connectivity': 'Dual sim, 3G, 4G, 5G, VoLTE, Wi-Fi', 'Colors': 'Phantom Black, Cream, Icy Blue', 'OS': 'Android 13, One UI 5.1.1', 'Internal Storage': '256GB, 512GB'}"
2024-10-05 22:00:38,Samsung Galaxy F34 5G,Samsung,26000.0,29000.0,10.34,0,IN STOCK,"{'RAM': '6GB,', 'Storage': '128GB', 'Battery': '6,000 mAh', 'Camera': '50MP + 8MP + 2MP', 'Selfie': '13 MP, f/2.2, (wide)', 'Display': '6.5-inch, Super AMOLED, 120Hz, 1000 nits (peak)', 'Processor': 'Exynos 1280 (5 nm)', 'Connectivity': 'Dual SIM, 5G, Wi-Fi', 'Colors': 'Electric Black, Mystic Green', 'OS': 'Android 13, One UI 5.1'}"
2024-10-05 22:00:44,Samsung Galaxy F14,Samsung,18500.0,35000.0,47.14,0,IN STOCK,"{'RAM': '6GB', 'Battery': '6,000mAh 25w fast charging', 'Display': '6 inches', 'Processor': 'Exynos 1330 (5nm)', 'Connectivity': 'Dual SIM, up to 5G Connectivity', 'Colors': 'Black, Green and Purple', 'OS': 'Android 13, One UI Core 5.1', 'Main camera': '5oMP + 2MP', 'Front camera': '13MP', 'Internal Storage': '128GB'}"
2024-10-05 22:00:50,Samsung Galaxy M14 5G,Samsung,22000.0,17000.0,-29.41,0,IN STOCK,"{'RAM': '6GB', 'Battery': '6,000 mAh', 'Display': '6.6 inch', 'Processor': 'Octa-core, Exynos 1330 (5nm)', 'Connectivity': 'Dual SIM, 2G, 3G, 4G, 5G, Wi-Fi', 'Colors': 'Navy Blue, Light Blue, Silver', 'OS': 'Android 13, One UI 5.1', 'Main camera': '50MP + 2MP + 2MP', 'Front camera': '13 MP', 'Internal Storage': '128GB'}"
2024-10-05 22:00:56,Samsung Galaxy M34 5G,Samsung,24500.0,40000.0,38.75,0,IN STOCK,"{'RAM': '6GB,', 'Storage': '128GB', 'Battery': '6,000 mAh', 'Camera': '50MP + 8MP + 2MP', 'Selfie': '13 MP, f/2.2, (wide)', 'Display': '6.5-inch, Super AMOLED, 120Hz, 1000 nits (peak)', 'Processor': 'Exynos 1280 (5 nm)', 'Connectivity': 'Dual SIM, 5G, Wi-Fi', 'Colors': 'Midnight Blue, Prism Silver, Waterfall Blue', 'OS': 'Android 13, One UI 5.1'}"
2024-10-05 22:01:01,Samsung Galaxy M54 5G,Samsung,40000.0,42000.0,4.76,0,IN STOCK,"{'RAM': '8 GB', 'Battery': '5,000 mAh', 'Display': '6.7 inches, AMOLED Plus, 120Hz', 'Processor': 'Exynos 1380', 'Connectivity': 'Dual sim, 2G, 3G, 4G, 5G, Wi-Fi', 'Colors': 'Dark Blue, Silver', 'OS': 'Android 13, One UI 5.1', 'Main camera': '108MP+8MP+2MP', 'Front camera': '32 MP', 'Internal Storage': '256GB'}"
2024-10-05 22:01:07,Samsung Galaxy F04,Samsung,14500.0,17500.0,17.14,0,IN STOCK,"{'RAM': '4GB', 'Battery': '5000 mAh', 'Display': '6.5 inch', 'Processor': 'MediaTek Helio P35', 'Connectivity': 'Dual sim, 2G, 3G', 'Colors': 'Black, Copper, Light Blue', 'OS': 'Android 12, One UI Core 4.1', 'Main camera': '13 MP + 2 MP', 'Front camera': '5 MP', 'Internal Storage': '64GB'}"
2024-10-05 22:01:13,Samsung Galaxy S23 Ultra 5G,Samsung,108000.0,97000.0,-11.34,0,IN STOCK,"{'RAM': '12GB', 'Battery': '5,000 mAh', 'Display': '6.8 inch + 120Hz AMOLED display', 'Processor': 'Snapdragon 8 Gen2', 'Connectivity': 'Dual sim, 2G, 3G, 4G, 5G, Wi-Fi', 'Colors': 'Phantom Black, Cream, Green, Lavender', 'OS': 'Android 13, One UI 5.1', 'Main camera': '200MP + 12MP + 10MP + 10MP', 'Front camera': '12 MP', 'Internal Storage': '256GB/512GB'}"
2024-10-05 22:01:19,Samsung Galaxy S23 Plus 5G,Samsung,150000.0,118000.0,-27.12,0,IN STOCK,"{'RAM': '8GB', 'Battery': '4700 mAh', 'Display': '6.6 inch', 'Processor': 'Snapdragon 8 Gen2', 'Connectivity': 'Dual sim, 2G, 3G, 4G, 5G', 'Colors': 'Phantom Black, Cream, Green, Lavender', 'OS': 'Android 13, One UI 5.1', 'Main camera': '50 MP + 12 MP + 10 MP', 'Front camera': '12MP', 'Internal Storage': '256GB'}"
2024-10-05 22:01:26,Samsung Galaxy S23 5G,Samsung,83000.0,71000.0,-16.9,0,IN STOCK,"{'RAM': '8GB', 'Battery': '3900 mAh', 'Display': '6.1 inch + 120Hz AMOLED display', 'Processor': 'Snapdragon 8 Gen2', 'Connectivity': 'Dual sim, 2G, 3G, 4G, 5G, Wi-Fi', 'Colors': 'Phantom Black, Cream, Green, Lavender', 'OS': 'Android 13, One UI 5.1', 'Main camera': '50MP + 12MP + 10MP', 'Front camera': '12 MP', 'Internal Storage': '256GB'}"
2024-10-05 22:01:33,Samsung Galaxy A04e,Samsung,12000.0,13000.0,7.69,0,IN STOCK,"{'RAM': '3GB', 'Battery': '5000 mAh', 'Display': '6.5 inch', 'Processor': 'MediaTek Helio G35', 'Connectivity': 'Dual sim, 2G, 3G', 'Colors': 'Black, Copper, Light Blue', 'OS': 'Android 12, One UI Core 4.1', 'Main camera': '13 MP + 2 MP', 'Front camera': '5 MP', 'Internal Storage': '32/ 64GB'}"
2024-10-05 22:01:40,Samsung Galaxy M04,Samsung,15500.0,16000.0,3.12,0,IN STOCK,"{'RAM': '4GB', 'Battery': '5000 mAh', 'Display': '6.5 inch', 'Processor': 'Mediatek Helio P35 (12nm)', 'Connectivity': 'Dual sim, 2G, 3G, 4G', 'Colors': 'Sea Glass Green, Shadow Blue', 'OS': 'Android 12, One UI Core 4.1', 'Main camera': '13MP + 2 MP', 'Front camera': '5 MP', 'Internal Storage': '64GB'}"
2024-10-05 22:01:47,Samsung Galaxy F13,Samsung,20500.0,16500.0,-24.24,0,IN STOCK,"{'RAM': '4GB', 'Battery': '6,000mAh', 'Display': '6.6 inches', 'Processor': 'Exynos 850 (8nm)', 'Connectivity': 'Dual SIM, Up to 4G Connectivity', 'Colors': 'Waterfall Blue, Sunrise Copper, and Nightsky Green', 'OS': 'Android 12, One UI Core 4.1', 'Main camera': '50MP + 5MP + 2MP', 'Front camera': '8 MP', 'Internal Storage': '64GB, 128GB'}"
2024-10-05 22:01:54,Samsung Galaxy Z Fold 4,Samsung,140500.0,190000.0,26.05,0,IN STOCK,"{'RAM': '12 GB', 'Battery': '4,400 mAh', 'Display': '7.6 inch', 'Processor': 'Qualcomm Snapdragon 8+ Gen 1', 'Connectivity': 'Dual sim, 3G, 4G, 5G, VoLTE, Wi-Fi', 'Colors': 'Stalwart Phantom Black, Beige, Gray-green', 'OS': 'Android 12L, One UI 4.1.1', 'Internal Storage': '256GB, 512GB'}"
2024-10-05 22:01:59,Samsung Galaxy M13 4G,Samsung,26000.0,27500.0,5.45,0,IN STOCK,"{'RAM': '6GB', 'Battery': '5000 mAh', 'Display': '6.6 inch', 'Processor': 'Exynos 850 (8nm)', 'Connectivity': 'Dual sim, 2G, 3G, 4G, Wi-Fi', 'Colors': 'Deep Green, Orange Copper, Light Blue', 'OS': 'Android 12', 'Main camera': '50MP + 5MP + 2MP', 'Front camera': '8 MP', 'Internal Storage': '128GB'}"
2024-10-05 22:02:05,Samsung Galaxy F23,Samsung,30500.0,36000.0,15.28,0,IN STOCK,"{'RAM': '6GB', 'Battery': '5000 mAh, 25W', 'Display': '6.6 inches, IPS LCD, 120Hz', 'Processor': 'Qualcomm Snapdragon 750G 5G (8 nm)', 'Connectivity': 'Dual sim, 5G, Wi-Fi', 'Colors': 'Aqua Blue, Forest Green', 'OS': 'Android 12, One UI 4.1', 'Main Camera': '50MP + 8MP + 2MP', 'Internal Storage': '128 GB'}"
2024-10-05 22:02:11,Samsung Galaxy S22 5G,Samsung,75000.0,66000.0,-13.64,0,IN STOCK,"{'RAM': '8GB', 'Battery': '3,700 mAh', 'Display': '6.1 inch', 'Processor': 'Qualcomm Snapdragon 8 Gen 1', 'Connectivity': 'Dual sim, 2G, 3G, 4G, 5G', 'Colors': 'Phantom Black, Phantom White, Green, Pink Gold', 'OS': 'Android 12', 'Main camera': '50 MP + 12 MP + 10 MP', 'Front camera': '10 MP', 'Internal Storage': '256GB'}"
2024-10-05 22:02:17,Samsung Galaxy S22 Ultra 5G,Samsung,112000.0,105000.0,-6.67,0,IN STOCK,"{'RAM': '12GB', 'Battery': '5000 mAh', 'Display': '6.8 inch + 120Hz AMOLED display', 'Processor': 'Qualcomm Snapdragon 8 Gen 1', 'Connectivity': 'Dual sim, 2G, 3G, 4G, 5G, Wi-Fi', 'Colors': 'Phantom Black, Phantom White, Green, Burgundy', 'OS': 'Android 12', 'Main camera': '108MP + 12MP + 10MP + 10MP', 'Front camera': '40 MP', 'Internal Storage': '256GB, 512GB'}"
2024-10-05 22:02:23,Samsung Galaxy A03 Core,Samsung,12800.0,16500.0,22.42,2,IN STOCK,"{'RAM': '2GB', 'Battery': '5000 mAh', 'Display': '6.5 inch', 'Processor': 'Unisoc SC9863A (28nm)', 'Connectivity': 'Dual sim, 2G, 3G, 4G', 'Colors': 'Black, Blue', 'OS': 'Android 11 (Go edition)', 'Main camera': '8 MP', 'Front camera': '5 MP', 'Internal Storage': '32GB'}"
2024-10-05 22:02:29,Samsung Galaxy S21 FE 5G,Samsung,59000.0,65000.0,9.23,0,IN STOCK,"{'RAM': '8GB', 'Battery': '4500 mAh', 'Display': '6.41 inch', 'Processor': 'Exynos 2100', 'Connectivity': 'Dual sim, 3G, 4G, 5G, VoLTE, Wi-Fi', 'Colors': 'White, Lavender, Graphite, Olive', 'OS': 'Android 12', 'Main camera': '12 MP + 12 MP + 8 MP', 'Front camera': '32 MP', 'Internal Storage': '256GB'}"
2024-10-05 22:02:37,Apple iPhone 16,Apple,145000.0,147000.0,1.36,0,IN STOCK,"{'RAM': '8GB', 'Storage': '128GB / 256GB / 512GB', 'Battery': '3,561mAh', 'Camera': '48MP + 12 MP', 'Selfie': '12MP + SL 3D', 'Display': '6.1 inches', 'Processor': 'Apple A18 Bionic', 'Connectivity': '5G, Nano-SIM, Esim, Wi-Fi 7', 'Colors': 'Black, White, Pink, Teal, Ultramarine', 'OS': 'iOS 18'}"
2024-10-05 22:02:43,Apple iPhone 16 Plus,Apple,,,,0,SOLD OUT,"{'RAM': '8GB', 'Storage': '128GB,256GB, 512GB', 'Battery': '4,674 mAh', 'Camera': '48MP + 12 MP', 'Selfie': '12MP + SL 3D', 'Display': '6.3 inches', 'Processor': 'Apple A18 (3 nm)', 'Connectivity': '5G, Nano-SIM, eSIM, Wi-Fi 7', 'Colors': 'Black, White, Pink, Teal, Ultramarine', 'OS': 'iOS 18'}"
2024-10-05 22:02:49,Apple iPhone 16 Pro,Apple,200000.0,188000.0,-6.38,0,IN STOCK,"{'RAM': '8GB', 'Storage': '128GB, 256GB', 'Battery': '3,582 mAh', 'Camera': '48MP + 12 MP + 48MP', 'Selfie': '12MP + SL 3D', 'Display': '6.3 inches', 'Connectivity': '5G, Nano-SIM, eSIM, Wi-Fi 7', 'Colors': 'Black Titanium, White Titanium, Natural Titanium, Desert Titanium', 'OS': 'iOS 18'}"
2024-10-05 22:02:55,iPhone 16 Pro Max,iPhone,330000.0,240000.0,-37.5,0,IN STOCK,"{'RAM': '8GB', 'Battery': '4,685mAh (29 hours of video playback, 95 hours of audio playback)', 'Camera': '48MP + 12 MP + 48MP', 'Selfie': '12MP + SL 3D', 'Display': '6.9 inches', 'Processor': 'Apple A18 Pro Bionic', 'Connectivity': '5G, Nano-SIM, eSIM, Wi-Fi 7', 'Colors': 'Black Titanium, White Titanium, Natural Titanium, Desert Titanium', 'OS': 'iOS 18 Pro', 'Internal Storage': '256/512GB, 1TB'}"
2024-10-05 22:03:00,Apple iPhone 15,Apple,119000.0,98500.0,-20.81,0,IN STOCK,"{'RAM': '6GB', 'Storage': '128GB,256GB', 'Battery': '3,200 mAh', 'Camera': '48MP + 12 MP', 'Selfie': '12MP + SL 3D', 'Display': '6.1 inches', 'Processor': 'Apple A16 Bionic', 'Connectivity': '5G, Nano-SIM, eSIM, Wi-Fi 6', 'Colors': 'Black, Blue, Green, Yellow, Pink', 'OS': 'iOS 17'}"
2024-10-05 22:03:07,Apple iPhone 15 Plus,Apple,193000.0,113000.0,-70.8,0,IN STOCK,"{'RAM': '6GB', 'Storage': '128GB,256gb', 'Battery': '4,383 mAh', 'Camera': '48MP + 12MP', 'Selfie': '12MP+ SL 3D', 'Display': '6.7 inches', 'Processor': 'Apple A16 Bionic', 'Connectivity': '5G, Nano-SIM, eSIM, Wi-Fi', 'Colors': 'Black, Blue, Green, Yellow, Pink', 'OS': 'iOS 17'}"
2024-10-05 22:03:13,Apple iPhone 15 Pro,Apple,205000.0,131000.0,-56.49,0,IN STOCK,"{'RAM': '8GB', 'Storage': '128GB, 256GB, 512GB,1TB', 'Battery': '4323 mAh', 'Camera': '48MP + 12MP + 12MP + TOF 3D LiDAR', 'Selfie': '12MP+ SL 3D', 'Display': '6.1 inches, OLED, 120Hz', 'Processor': 'Apple A17 Pro', 'Connectivity': '5G, Nano-SIM, eSIM, Wi-Fi', 'Colors': 'Black Titanium, White Titanium, Blue Titanium, Natural Titanium', 'OS': 'iOS 17'}"
2024-10-05 22:03:18,Apple iPhone 15 Pro Max,Apple,225000.0,157000.0,-43.31,0,IN STOCK,"{'RAM': '8GB', 'Storage': '256GB, 512GB', 'Battery': '4323 mAh', 'Camera': '48MP + 12MP + 12MP + TOF 3D LiDAR', 'Selfie': '12MP+ SL 3D', 'Display': '6.7 inches, OLED, 120Hz', 'Processor': 'Apple A17 Pro', 'Connectivity': '5G, Nano-SIM, eSIM, Wi-Fi', 'Colors': 'Black Titanium, White Titanium, Blue Titanium, Natural Titanium', 'OS': 'iOS 17'}"
2024-10-05 22:03:24,Apple iPhone 14 Pro Max,Apple,119000.0,122000.0,2.46,0,IN STOCK,"{'RAM': '6GB', 'Storage': '256GB,', 'Battery': '4323 mAh', 'Camera': '64MP + 12MP + 12MP + TOF 3D LiDAR', 'Selfie': '12MP+ SL 3D', 'Display': '6.7 inches', 'Processor': 'Apple A16 Bionic', 'Connectivity': '5G, Nano-SIM, eSIM, Wi-Fi', 'Colors': 'Space Black, Silver, Gold, Deep Purple', 'OS': 'iOS 16'}"
2024-10-05 22:03:30,Apple iPhone 14 Pro,Apple,139000.0,104000.0,-33.65,0,IN STOCK,"{'RAM': '6GB', 'Storage': '256GB', 'Battery': '3200 mAh', 'Camera': '64MP + 12MP + 12MP + TOF 3D LiDAR', 'Selfie': '12MP+ SL 3D', 'Display': '6.1 inches', 'Processor': 'Apple A15 Bionic', 'Connectivity': '5G, Nano-SIM, eSIM, Wi-Fi 6', 'Colors': 'Space Black, Silver, Gold, Deep Purple', 'OS': 'iOS 16'}"
2024-10-05 22:03:38,Apple iPhone 14,Apple,109000.0,94000.0,-15.96,0,IN STOCK,"{'RAM': '6GB', 'Storage': '128GB, 256GB,', 'Battery': '3279 mAh', 'Camera': '12MP + 12MP', 'Selfie': '12MP', 'Display': '6.1 inches', 'Processor': 'Apple A15 Bionic', 'Connectivity': '5G, Nano-SIM, eSIM, Wi-Fi 6', 'Colors': 'Blue, Purple, Midnight, Starlight, RED', 'OS': 'iOS 16'}"
2024-10-05 22:03:44,Apple iPhone 14 Plus,Apple,111000.0,107000.0,-3.74,0,IN STOCK,"{'RAM': '6GB', 'Storage': '128GB, 256GB,', 'Battery': '4325 mAh', 'Camera': '12MP + 12MP', 'Selfie': '12MP+ SL 3D', 'Display': '6.7 inches', 'Processor': 'Apple A15 Bionic', 'Connectivity': '5G, Nano-SIM, eSIM, Wi-Fi', 'Colors': 'Blue, Purple, Midnight, Starlight, RED', 'OS': 'iOS 16'}"
2024-10-05 22:03:50,Apple iPhone SE 2022,Apple,63000.0,67500.0,6.67,0,IN STOCK,"{'RAM': '4GB', 'Storage': '128GB', 'Battery': '2018 mAh', 'Camera': '12 MP', 'Selfie': '7MP', 'Display': '4.7 inch', 'Processor': 'Apple A15 Bionic', 'Connectivity': '5G, Nano-SIM, eSIM, Wi-Fi 6', 'Colors': 'Black, White, Red', 'OS': 'iOS 15.4'}"
2024-10-05 22:03:56,Apple iPhone 13 Pro Max,Apple,92000.0,105000.0,12.38,0,IN STOCK,"{'RAM': '6GB', 'Storage': '256GB', 'Battery': '4373 mAh', 'Camera': '12MP + 12MP + 12MP + TOF 3D LiDAR', 'Selfie': '12MP+ SL 3D', 'Display': '6.7 inches', 'Processor': 'Apple A15 Bionic', 'Connectivity': '5G, Nano-SIM, eSIM, Wi-Fi', 'Colors': 'Graphite, Gold, Silver, Sierra Blue, Alpine Green', 'OS': 'iOS 15'}"
2024-10-05 22:04:02,Apple iPhone 13 Pro,Apple,77000.0,90000.0,14.44,0,IN STOCK,"{'RAM': '6GB', 'Storage': '256GB', 'Battery': '3095 mAh', 'Camera': '12MP + 12MP + 12MP + TOF 3D LiDAR', 'Selfie': '12MP+ SL 3D', 'Display': '6.1 inches', 'Processor': 'Apple A15 Bionic', 'Connectivity': '5G, Nano-SIM, eSIM, Wi-Fi 6', 'Colors': 'Graphite, Gold, Silver, Sierra Blue, Alpine Green', 'OS': 'iOS 15'}"
2024-10-05 22:04:08,Apple iPhone 13 Mini,Apple,110000.0,115000.0,4.35,0,IN STOCK,"{'RAM': '4GB', 'Storage': '128GB', 'Battery': '2227 mAh', 'Camera': '12MP + 12MP', 'Selfie': '12MP + SL 3D', 'Display': '5.4 inch', 'Processor': 'Apple A15 Bionic', 'Connectivity': '5G, Nano-SIM, eSIM, Wi-Fi 6', 'Colors': 'Starlight, Midnight, Blue, Pink, Red', 'OS': 'upgradable to iOS 15.4.1'}"
2024-10-05 22:04:14,Apple iPhone 13,Apple,98000.0,63000.0,-55.56,0,IN STOCK,"{'RAM': '4GB', 'Storage': '128GB,256GB', 'Battery': '2815 mAh', 'Camera': '12MP + 12MP', 'Selfie': '12MP', 'Display': '6.1 inches', 'Processor': 'Apple A15 Bionic', 'Connectivity': '5G, Nano-SIM, eSIM, Wi-Fi 6', 'Colors': 'Pink, Blue, Midnight, Starlight, and Product Red', 'OS': 'upgradable to iOS 15.4.1'}"
2024-10-05 22:04:20,Apple iPhone 12,Apple,69000.0,50000.0,-38.0,0,IN STOCK,"{'RAM': '4GB', 'Storage': '128GB,', 'Battery': '2815 mAh', 'Camera': '12MP + 12MP', 'Selfie': '12 MP', 'Display': '6.1 inches', 'Processor': 'Apple A14 Bionic', 'Connectivity': '5G, Nano-SIM, eSIM, Wi-Fi', 'Colors': 'Black, Green, Yellow, Purple, Red, White', 'OS': 'upgradable to iOS 15.4.1'}"
2024-10-05 22:04:25,Apple iPhone 12 Mini,Apple,82500.0,78000.0,-5.77,0,SOLD OUT,"{'RAM': '4GB', 'Storage': '128GB, 256GB.', 'Battery': '2227 mAh', 'Camera': '12MP + 12MP', 'Selfie': '12MP + SL 3D', 'Display': '5.4 inch', 'Processor': 'Apple A14 Bionic', 'Connectivity': '5G, Nano-SIM, eSIM, Wi-Fi', 'Colors': 'Black, Blue, (PRODUCT) Red, Grey, White', 'OS': 'upgradable to iOS 15.4.1'}"
2024-10-05 22:04:31,Apple iPhone 12 Pro,Apple,65000.0,69000.0,5.8,0,IN STOCK,"{'RAM': '6GB', 'Storage': '256GB', 'Battery': '2815 mAh', 'Camera': '12MP + 12MP + 12MP + TOF 3D LiDAR', 'Selfie': '12MP + SL 3D', 'Display': '6.1 inches', 'Processor': 'Apple A14 Bionic', 'Connectivity': '5G, Nano-SIM, eSIM, Wi-Fi', 'Colors': 'Silver, Graphite, Gold, Pacific Blue', 'OS': 'upgradable to iOS 15.4.1'}"
2024-10-05 22:04:37,Apple iPhone 12 Pro Max,Apple,71000.0,74000.0,4.05,0,IN STOCK,"{'RAM': '6GB', 'Storage': '256GB', 'Battery': '3687 mAh', 'Camera': '12MP + 12MP + 12MP + TOF 3D LiDAR', 'Selfie': '12MP + SL 3D', 'Display': '6.7 inches', 'Processor': 'Apple A14 Bionic', 'Connectivity': '5G, Nano-SIM, eSIM, Wi-Fi', 'Colors': 'Silver, Graphite, Gold, Pacific Blue', 'OS': 'upgradable to iOS 15.4.1'}"
2024-10-05 22:04:42,Apple iPhone 11,Apple,59000.0,39000.0,-51.28,0,IN STOCK,"{'RAM': '4GB', 'Storage': '64GB,128GB', 'Battery': '3110 mAh', 'Camera': '12MP + 12MP', 'Selfie': '12MP', 'Display': '6.1 inches', 'Processor': 'Apple A13 Bionic (7 nm+)', 'Connectivity': '4G, Nano-SIM, eSIM, Wi-Fi', 'Colors': 'Black, Green, Yellow, Purple, Red, White', 'OS': 'upgradable to iOS 15.4.1'}"
2024-10-05 22:04:48,Apple iPhone 11 Pro Max,Apple,53000.0,60000.0,11.67,0,IN STOCK,"{'RAM': '4GB', 'Storage': '256GB', 'Battery': '3969 mAh', 'Camera': '12MP + 12MP + 12MP', 'Selfie': '12 MP', 'Display': '6.5 inches', 'Processor': 'Apple A13 Bionic (7 nm+)', 'Connectivity': 'sim, 3G, 4G, VoLTE, Wi-Fi', 'Colors': 'Space Gray, Silver, Gold, Midnight Green', 'OS': 'upgradable to iOS 15.4.1'}"
2024-10-05 22:04:53,Apple iPhone 11 Pro,Apple,52000.0,57000.0,8.77,0,IN STOCK,"{'RAM': '4GB', 'Storage': '256GB', 'Battery': '3046 mAh', 'Camera': '12MP + 12MP + 12MP', 'Selfie': '12MP', 'Display': '5.8 inches', 'Processor': 'Apple A13 Bionic (7 nm+)', 'Connectivity': '4G, Nano-SIM, eSIM', 'Colors': 'Space Gray, Silver, Gold, Midnight Green', 'OS': 'upgradable to iOS 15.4.1'}"
2024-10-05 22:04:59,Apple iPhone XS Max,Apple,40500.0,45000.0,10.0,0,IN STOCK,"{'RAM': '4GB', 'Storage': '256GB', 'Battery': '3174 mAh', 'Camera': '12MP + 12MP', 'Selfie': '7MP', 'Display': '6.5 inch', 'Processor': 'A12 Bionic chip', 'Connectivity': 'nano-SIM + eSIM setup, 4G, Wi-Fi', 'Colors': 'Silver, space gray, and gold.', 'OS': 'upgradable to iOS 15.4.1'}"
2024-10-05 22:05:11,Apple iPhone XS,Apple,39000.0,41000.0,4.88,0,IN STOCK,"{'RAM': '4GB', 'Storage': '256GB', 'Battery': '2658 mAh', 'Camera': '12MP + 12MP', 'Selfie': '7MP', 'Display': '5.8 inch', 'Processor': 'A12 Bionic', 'Connectivity': '4G, Nano-SIM, eSIM', 'Colors': 'Space Gray, Silver, Gold', 'OS': 'upgradable to iOS 15.4.1'}"
2024-10-05 22:05:17,Apple iPhone XR,Apple,38500.0,45000.0,14.44,0,IN STOCK,"{'RAM': '3GB', 'Storage': '128GB', 'Battery': '2942 mAh', 'Camera': '12MP', 'Selfie': '7MP', 'Display': '6.1 inch', 'Processor': 'A12 Bionic chip', 'Connectivity': 'nano-SIM + eSIM, 4G, Wi-Fi', 'Colors': 'Black, white, blue, coral, yellow, and (PRODUCT)RED.', 'OS': 'upgradable to iOS 15.4.1'}"
2024-10-05 22:05:23,Apple iPhone X,Apple,31000.0,32000.0,3.12,0,IN STOCK,"{'RAM': '3GB', 'Storage': '256GB', 'Battery': '2716 mAh', 'Camera': '12MP + 12MP', 'Selfie': '7MP + SL 3D', 'Display': '5.8 inches', 'Processor': 'Apple A11 Bionic (10 nm)', 'Colors': 'Space Gray, Silver', 'OS': 'iOS 11.1.1, up-gradable to iOS 13.5'}"
2024-10-05 22:05:28,Apple iPhone 8 Plus,Apple,35000.0,49000.0,28.57,0,IN STOCK,"{'RAM': '3GB', 'Storage': '256GB', 'Battery': '2691 mAh', 'Camera': '12MP + 12 MP', 'Selfie': '7MP', 'Processor': 'A11 Bionic', 'OS': 'upgradable to iOS 15.4.1'}"
2024-10-05 22:05:34,Apple iPhone 8,Apple,32500.0,27500.0,-18.18,0,IN STOCK,"{'RAM': '2GB', 'Storage': '64GB, 256GB', 'Battery': '1821 mAh', 'Camera': '12MP', 'Selfie': '7MP', 'Processor': 'A11 Bionic', 'OS': 'upgradable to iOS 15.4.1'}"
2024-10-05 22:05:41,Infinix Hot 50i 4G,Infinix,14000.0,15500.0,9.68,0,IN STOCK,"{'RAM': '6GB', 'Battery': '5000mAh, 18W Wired', 'Connectivity': '4G, Bluetooth 5.4, Wi-Fi, 3.5mm Jack', 'OS': 'Android 14, XOS 14.5', 'Main Camera': '48MP'}"
2024-10-05 22:05:46,Infinix Note 40 Pro 4G,Infinix,36500.0,38000.0,3.95,0,IN STOCK,"{'RAM': '8GB, 12GB', 'Battery': '5,000mAh, 45W', 'Display': '6.78 inches', 'Colors': 'Vintage Green, Titan Gold', 'OS': 'Android 14, XOS 14', 'Network': '4G', 'Main Camera': '108MP + 2MP + 2MP', 'Selfie Camera': '32MP'}"
2024-10-05 22:05:52,Infinix Hot 40i,Infinix,16800.0,12700.0,-32.28,0,IN STOCK,"{'RAM': '4GB, 8GB', 'Battery': '5,000 mAh, 18W Fast charging', 'Display': '6.6 inches, IPS LCD, 90Hz', 'Processor': 'Octa-core, Unisoc T606 (12 nm)', 'Connectivity': '4G, Dual SIM', 'Colors': 'Starlit Black, Palm Blue, Horizon Gold, Starfall Green', 'OS': 'Android 13, XOS 13', 'Main Camera': '50MP + 0.08MP', 'Selfie Camera': '32MP'}"
2024-10-05 22:06:00,Infinix Smart 8,Infinix,13500.0,11500.0,-17.39,0,IN STOCK,"{'Battery': 'Li-Po 5000 mAh, non-removable', 'Display': '6 IPS LCD screen', 'OS': 'Android 13', 'Main Camera': '13MP + 0.3 MP', 'Selfie Camera': '8MP'}"
2024-10-05 22:06:05,Infinix XDM52 USB-A to Micro Cable,Infinix,100.0,250.0,60.0,0,IN STOCK,{'Color': 'White'}
2024-10-05 22:06:11,Infinix XDL53A USB-A Cable,Infinix,,600.0,,0,IN STOCK,{'Color': 'White'}
2024-10-05 22:06:16,Infinix Watch 1,Infinix,3000.0,3500.0,14.29,0,IN STOCK,"{'Battery': 'T days typical use', 'Display': '1.83 inches', 'Connectivity': 'Bluetooth'}"
2024-10-05 22:06:22,Infinix Buds Neo XE-26,Infinix,2300.0,2500.0,8.0,0,IN STOCK,{'Battery': '40mAh-buds; 500mAh-case'}
2024-10-05 22:06:28,Infinix Buds Lite XE-23,Infinix,1800.0,2000.0,10.0,0,IN STOCK,{'Battery': '46mAh-buds; 460mAh-case'}
2024-10-05 22:06:33,Infinix INBOOK X2 Gen11,Infinix,,50000.0,,0,IN STOCK,"{'Battery': '50Wh, 9 hours regular working', 'Display': '14-inch, IPS', 'Processor': 'X2-i3, i5, i7', 'Connectivity': 'Wi-Fi, Bluetooth, USB', 'Colors': 'Grey, Blue, Green, Red', 'OS': 'Windows 11 Home'}"
2024-10-05 22:06:38,Infinix Buds Neo XE-27,Infinix,2500.0,2700.0,7.41,0,IN STOCK,"{'Battery': 'buds-4.5 hours, with case-28 hours'}"
2024-10-05 22:06:44,Infinix Hot 40 Pro,Infinix,20500.0,22000.0,6.82,0,IN STOCK,"{'RAM': '8GB', 'Battery': '5,000 mAh, 18W Fast charging', 'Display': '6.78 inches, IPS LCD, 120Hz', 'Processor': 'Octa-core, Unisoc T606 (12 nm)', 'Connectivity': '4G, Dual SIM', 'Colors': 'Starlit Black, Palm Blue, Horizon Gold, Starfall Green', 'OS': 'Android 13, XOS 13.5', 'Main Camera': '108MP + 2MP + 0.08MP', 'Selfie Camera': '32MP'}"
2024-10-05 22:06:50,Infinix Note 40 4G,Infinix,26000.0,28000.0,7.14,0,IN STOCK,"{'RAM': '8GB', 'Battery': '5,000mAh, 45W', 'Display': '6.78 inches', 'Colors': 'Titan Gold, Obsidian Black', 'OS': 'Android 14, XOS 14', 'Main Camera': '108MP+2MP+QVGA', 'Selfie Camera': '32MP'}"
2024-10-05 22:06:55,Infinix Note 40 Pro+ 5G,Infinix,46500.0,48500.0,4.12,0,IN STOCK,"{'RAM': '12GB', 'Battery': '4,600mAh', 'Display': '6.78-inch, AMOLED', 'Connectivity': '5G, Dual SIM', 'OS': 'Android 14, XOS 14', 'Main Camera': '108MP+2MP+2MP', 'Selfie Camera': '32MP'}"
2024-10-05 22:07:01,Infinix Hot 40 4G,Infinix,23500.0,26500.0,11.32,0,SOLD OUT,"{'RAM': '8GB', 'Battery': '5,000 mAh, 33W wired, 20-75% in 35 min Fast charging', 'Display': '6.78 inches, IPS LCD, 90Hz', 'Processor': 'Octa-core, Mediatek MT6769H Helio G88 (12nm)', 'Connectivity': '4G, Dual SIM', 'Colors': 'Palm Blue, Horizon Gold, Starlit Black, Starfall Green', 'OS': 'Android 13, XOS 13.5', 'Main Camera': '50MP + 2MP + 0.08MP', 'Selfie Camera': '32MP'}"
2024-10-05 22:07:07,Infinix Note 30 Pro,Infinix,23000.0,30000.0,23.33,0,SOLD OUT,"{'RAM': '8GB', 'Battery': '5000 mAh, 33W wired', 'Display': '6.67 inches, AMOLED, 120Hz', 'Processor': 'Mediatek Helio G99', 'Connectivity': 'Dual sim, 3G, 4G, Wi-Fi', 'Colors': 'Magic Black, Interstellar Blue, Sunset Gold', 'OS': 'Android 13', 'Main camera': '108 MP + 2 MP + QVGA', 'Front camera': '32 MP', 'Internal Storage': '256GB'}"
2024-10-05 22:07:13,Google Pixel 9 Pro XL,Google,143000.0,152000.0,5.92,0,IN STOCK,"{'RAM': '12GB', 'Battery': '5,060 mAh', 'Display': '6.8-inch, OLED', 'Processor': 'Google Tensor G4 (5 nm)', 'Connectivity': '3G, 4G, 5G, Wi-Fi', 'Colors': 'Porcelain, Rose Quartz, Hazel, Obsidian', 'OS': 'Android 14', 'Main camera': '50MP + 48MP+ 48MP', 'Front camera': '42 MP', 'Internal Storage': '128GB, 256GB, 512GB'}"
2024-10-05 22:07:18,Google Pixel 9,Google,115000.0,107500.0,-6.98,0,IN STOCK,"{'RAM': '12 GB', 'Battery': '4700 mAh', 'Display': '6.4-inch, OLED', 'Processor': 'Google Tensor G4 (5 nm)', 'Connectivity': '3G, 4G, 5G, Wi-Fi', 'Colors': 'Obsidian, Porcelain, Wintergreen, Peony', 'OS': 'Android 14', 'Main camera': '50MP + 48MP', 'Front camera': '10.5 MP', 'Internal Storage': '128GB, 256GB'}"
2024-10-05 22:07:24,Google Pixel Watch 2,Google,38000.0,45000.0,15.56,0,IN STOCK,"{'Battery': '306 mAh', 'Colors': 'Polished Silver, Matte Black, Champagne Gold', 'OS': 'Android Wear OS 4'}"
2024-10-05 22:07:30,Google Pixel Watch 1,Google,26500.0,30000.0,11.67,0,IN STOCK,"{'Storage': '32GB 2GB RAM', 'Battery': '294 mAh, Wireless (Qi)', 'Display': '1.2 inches, AMOLED', 'Connectivity': 'eSIM, NFC, Wi-Fi, Bluetooth', 'Colors': 'Matte Black, Polished Silver, Champagne Gold', 'OS': 'Android Wear OS 3.5', 'Network': 'GSM'}"
2024-10-05 22:07:36,Google Pixel USB-C Wired In-Earphones,Google,,4500.0,,0,IN STOCK,{'Colors': 'White'}
2024-10-05 22:07:41,Google Pixel 8a,Google,64500.0,58000.0,-11.21,0,IN STOCK,"{'RAM': '8GB', 'Battery': '4492 mAh, non-removable', 'Display': '6.1 inches, OLED', 'Connectivity': '5G', 'Main Camera': 'dual lenses (64MP+13MP)', 'Selfie Camera': '13MP'}"
2024-10-05 22:07:47,Google Pixel Tablet,Google,95000.0,98000.0,3.06,0,IN STOCK,"{'RAM': '8 GB', 'Battery': '27 Wh', 'Display': '10.95 inches, IPS LCD', 'Processor': 'Google Tensor G2', 'Connectivity': 'Bluetooth, WI-FI', 'Colors': 'Porcelain, Hazel, Rose', 'OS': 'Android 13', 'Main camera': '8MP', 'Front camera': '8MP', 'Internal Storage': '128GB'}"
2024-10-05 22:07:53,Google Pixel 7a,Google,47000.0,50000.0,6.0,3,IN STOCK,"{'RAM': '8 GB', 'Battery': '4385 mAh', 'Display': '6.1 inches, OLED, 90Hz', 'Processor': 'Google Tensor G2', 'Connectivity': 'Bluetooth 5.3, 4G, 5G, WI-FI', 'Colors': 'Charcoal, Sea, and Snow', 'OS': 'Android 13', 'Main camera': '64MP + 13MP', 'Front camera': '13 MP', 'Internal Storage': '128GB'}"
2024-10-05 22:07:59,Google Pixel 8 Pro,Google,97000.0,90500.0,-7.18,0,IN STOCK,"{'RAM': '12 GB', 'Battery': '5,050mAh', 'Display': '6.7-inch, LTPO OLED', 'Processor': 'Google Tensor G3 (4 nm)', 'Connectivity': '3G, 4G, 5G, Wi-Fi', 'Colors': 'Obsidian, Porcelain, and Bay', 'OS': 'Android 14', 'Main camera': '50MP + 48MP + 48MP', 'Front camera': '10.5 MP', 'Internal Storage': '128GB, 256GB'}"
2024-10-05 22:08:05,Google Pixel 8,Google,78000.0,61000.0,-27.87,0,IN STOCK,"{'RAM': '8 GB', 'Battery': '4,575mAh', 'Display': '6.2-inch, OLED', 'Processor': 'Google Tensor G2 (5 nm)', 'Connectivity': '3G, 4G, 5G, Wi-Fi', 'Colors': 'Obsidian, Hazel and Rose', 'OS': 'Android 14', 'Main camera': '50MP + 12MP', 'Front camera': '10.5 MP', 'Internal Storage': '128GB, 256GB'}"
2024-10-05 22:08:10,Google Pixel 7 Pro,Google,60000.0,54000.0,-11.11,0,IN STOCK,"{'RAM': '8GB,12GB', 'Battery': '5000 mAh', 'Display': '6.7 inch', 'Processor': 'Google Tensor G2', 'Connectivity': 'GSM, CDMA, HSPA, EVDO, LTE,5G', 'Colors': 'Obsidian, Snow, Hazel', 'OS': 'Android 13', 'Main camera': '50 MP + 48 MP + 12 MP', 'Front camera': '10.8 MP', 'Internal Storage': '128GB, 256GB'}"
2024-10-05 22:08:16,Google Pixel 7,Google,46500.0,52000.0,10.58,0,IN STOCK,"{'RAM': '8GB', 'Battery': '4,355mAh', 'Display': '6.4 inch', 'Processor': 'Google Tensor G2 (5 nm)', 'Connectivity': '3G, 4G, 5G, Wi-Fi', 'Colors': 'Obsidian, Lemongrass, Snow', 'OS': 'Android 13', 'Main camera': '50MP + 12MP', 'Front camera': '10.8 MP', 'Internal Storage': '128GB'}"
2024-10-05 22:08:21,Google Pixel 6a,Google,38500.0,45000.0,14.44,0,IN STOCK,"{'RAM': '6 GB', 'Battery': '4410mAh', 'Display': '6.1 inch', 'Processor': 'Google Tensor', 'Connectivity': 'GSM, CDMA, HSPA, EVDO, LTE,5G', 'Colors': 'Chalk, Charcoal, Sage', 'OS': 'Android 12', 'Main camera': '12.2MP + 12MP', 'Front camera': '8 MP', 'Internal Storage': '128GB'}"
2024-10-05 22:08:27,Google Pixel 6,Google,38000.0,40000.0,5.0,0,IN STOCK,"{'RAM': '8 GB', 'Battery': '4614mAh', 'Display': '6.4 inch', 'Processor': 'Google Tensor', 'Connectivity': 'GSM, CDMA, HSPA, EVDO, LTE,5G', 'Colors': 'Sorta Seafoam, Kinda Coral, Stormy Black', 'OS': 'Android 12', 'Main camera': '50MP + 12MP', 'Front camera': '8 MP', 'Internal Storage': '128GB'}"
2024-10-05 22:08:34,Itel P65,Itel,13200.0,18000.0,26.67,0,IN STOCK,"{'RAM': '4/6/8GB', 'Battery': '5000mAh, 18W', 'Display': '6.7-inch, IPS LCD', 'Connectivity': '4G, NFC, Bluetooth, Wi-Fi', 'OS': 'Android 14, itel OS 14', 'Main Camera': '50MP+ Auxiliary Lens', 'Selfie Camera': '8MP'}"
2024-10-05 22:08:39,Itel RS4,Itel,,23800.0,,0,IN STOCK,"{'RAM': '8GB, 12GB', 'Battery': '5000mAh, 45W wired, bypass charging, 80% in 30 mins.', 'Display': '6.56-inch, IPS LCD', 'Connectivity': '4G, NFC, Bluetooth, USB-C,', 'OS': 'Android 13', 'Main Camera': '50MP', 'Selfie Camera': '8MP'}"
2024-10-05 22:08:44,Itel A50,Itel,10000.0,12000.0,16.67,0,IN STOCK,"{'RAM': '2GB, 3GB, 4GB', 'Battery': '5000mAh, 10W', 'OS': 'Android 14 (Go edition)', 'Main Camera': '8MP', 'Selfie Camera': '5MP'}"
2024-10-05 22:08:50,Itel Pad 1 Mini,Itel,12500.0,13800.0,9.42,0,IN STOCK,"{'RAM': '2GB', 'Storage': '64GB', 'Battery': '4000mAh', 'Connectivity': '4G, Wi-Fi and Bluetooth', 'OS': 'Android 13', 'Main Camera': '5 MP', 'Front camera': '5MP'}"
2024-10-05 22:08:56,Itel S24,Itel,15500.0,17000.0,8.82,0,IN STOCK,"{'RAM': '4GB,', 'Storage': '128GB,', 'Battery': '5000mAh, 18W', 'Display': '6.6 inches, IPS LCD', 'Connectivity': '4G', 'OS': 'Android 13', 'Main Camera': '108MP+0.08MP', 'Selfie Camera': '8MP'}"
2024-10-05 22:09:05,Itel P55 5G,Itel,,22000.0,,0,IN STOCK,"{'RAM': '4GB, 6GB', 'Battery': '5000mAh, 18W', 'Display': '6.6-inch IPS LCD, 90Hz', 'Connectivity': '5G', 'Colors': 'Galaxy Blue, Mint Green', 'OS': 'Android 13', 'Main Camera': '50MP + 0.08MP', 'Selfie Camera': '8MP'}"
2024-10-05 22:09:11,Itel P55+,Itel,,16500.0,,0,IN STOCK,"{'RAM': '4GB, 8GB', 'Battery': '5000mAh, 45W', 'Display': '6.6-inch IPS LCD, 90Hz', 'Connectivity': '4G', 'Colors': 'Royal Green, Galaxy Blue, Meteor Purple', 'OS': 'Android 13', 'Main Camera': '50MP + 0.08MP', 'Selfie Camera': '8MP'}"
2024-10-05 22:09:17,Itel P55 4G,Itel,12500.0,15500.0,19.35,0,IN STOCK,"{'RAM': '4GB, 8GB', 'Battery': '5000mAh, 18W.', 'Processor': 'Unisoc T606 chipset (12 nm)', 'Connectivity': '4G, Bluetooth, Wi-Fi,', 'Selfie Camera': '8MP'}"
2024-10-05 22:09:22,Itel A18s,Itel,8600.0,9000.0,4.44,0,IN STOCK,"{'RAM': '2GB + 2GB Virtual', 'Battery': '3,020mAh battery', 'Display': '5.5-inch IPS LCD display', 'Processor': 'Octa-core', 'Internal Storage': '32GB'}"
2024-10-05 22:09:28,Itel A70,Itel,14500.0,12300.0,-17.89,0,IN STOCK,"{'RAM': '3GB, 4GB', 'Battery': '5,000mAh', 'Display': '6.6-inches', 'Main Camera': '13MP + AI lens', 'Selfie Camera': '8MP'}"
2024-10-05 22:09:34,Itel A05s,Itel,10500.0,12000.0,12.5,0,IN STOCK,"{'RAM': '2GB', 'Storage': '32GB', 'Battery': '4,000 mAh', 'Camera': '8 MP', 'Selfie': '5 MP', 'Display': '6.6 inches', 'Processor': 'Octa-core (4×1.6 GHz Cortex-A55 & 4×1.2 GHz Cortex-A55)', 'Colors': 'Meadow Green, Nebula Black', 'OS': 'Android 12 (Go Edition, Itel OS 8.6 system)'}"
2024-10-05 22:09:39,Itel S23 Plus,Itel,25500.0,23000.0,-10.87,0,IN STOCK,"{'RAM': '4GB, 8GB', 'Battery': '5,000MP, 18W wired fast charging unit.', 'Display': '6.78 Inches', 'Colors': 'Black, Cyan', 'Main Camera': '50MP + 0.08MP', 'Selfie Camera': '32MP'}"
2024-10-05 22:09:44,Itel S23,Itel,10300.0,13000.0,20.77,0,IN STOCK,"{'RAM': '4GB, 8GB', 'Battery': '5000mAh', 'Display': '6.6 inches', 'Processor': 'Unisoc T606 (12 nm)', 'Connectivity': 'Dual SIM, 4G, Wi-Fi', 'Colors': 'Starry Black, Mystery White', 'OS': 'Android 12', 'Main camera': '50MP+ 0.08MP', 'Front camera': '5 MP', 'Internal Storage': '128 GB, 256GB'}"
2024-10-05 22:09:50,Itel A60s,Itel,16000.0,13000.0,-23.08,0,IN STOCK,"{'RAM': '4GB', 'Battery': '5000 mAh', 'Display': '6.6 inch', 'Processor': 'Unisoc SC9863A1', 'Connectivity': 'Dual sim, 4G, Wi-Fi', 'Colors': 'Shadow Black, Glacier Green, Moonlit Violet', 'OS': 'Android 12', 'Main camera': '8MP+QVGA', 'Front camera': '5 MP', 'Internal Storage': '64/128 GB'}"
2024-10-05 22:09:55,Itel A18,Itel,7200.0,7400.0,2.7,0,IN STOCK,"{'RAM': '1GB', 'Storage': '32GB', 'Battery': '2400 mAh', 'Camera': '5 MP + QVGA', 'Selfie': '0.3 MP', 'Display': '5.0 inches', 'Processor': 'Quad-core Processor', 'Colors': 'Morion Grey', 'OS': 'Android 11 (Go Edition)'}"
2024-10-05 22:10:01,itel KidPad 1,itel,11300.0,11500.0,1.74,0,IN STOCK,"{'RAM': '1GB', 'Storage': '32GB', 'Battery': '4,000 mAh', 'Camera': '5 MP', 'Selfie': '2 MP', 'Display': '7.0 inches', 'Processor': '1.3 GHz, Quad-core', 'Connectivity': '3G, Single-SIM', 'Colors': 'Blue', 'OS': 'Android 10, Go Edition'}"
2024-10-05 22:10:07,Nokia C22,Nokia,17500.0,18000.0,2.78,0,IN STOCK,"{'RAM': '4GB', 'Storage': '128GB', 'Battery': '5000 mAh', 'Camera': '13MP+2MP', 'Selfie': '5 MP', 'Display': '6.52 inch', 'Processor': 'Unisoc SC9863A (28nm)', 'Connectivity': 'Dual sim, 4G, Wi-Fi', 'Colors': 'Sand, Midnight Black', 'OS': 'Android 13 (Go edition)'}"
2024-10-05 22:10:12,Nokia C32,Nokia,18300.0,18500.0,1.08,0,IN STOCK,"{'RAM': ', 4GB', 'Storage': '64GB,', 'Battery': '5,000 mAh', 'Processor': 'Unisoc SC9863A1 (22nm)', 'Network': '4G', 'Display Size': '6.5 inches, IPS LCD', 'Resolution': '720 x 1600 pixels', 'Operating System': 'Android 13', 'Main Camera': '50MP + 2MP', 'Secondary Camera': '8MP', 'Color': 'Charcoal, Autumn Green, Beach Pink'}"
2024-10-05 22:10:18,Nokia T21,Nokia,28500.0,38500.0,25.97,0,IN STOCK,"{'RAM': '4GB', 'Storage': '64 GB / 128GB', 'Battery': '8,200 mAh', 'Display': '10.4 inch', 'Processor': 'Octa-core, Unisoc Tiger T612 (12 nm)', 'Connectivity': 'Nano SIM, 2G, 3G, 4G, Wi-Fi', 'Colors': 'Charcoal Grey', 'OS': 'Android 12', 'Main camera': '8 MP', 'Front camera': '8 MP'}"
2024-10-05 22:10:30,Nokia G22,Nokia,19500.0,24500.0,20.41,0,IN STOCK,"{'RAM': '4GB', 'Battery': '5,050mAh; 20W wired, PD3.0', 'Display': '5 inches, IPS LCD', 'Processor': 'Octa-core, Unisoc T606 (12 nm)', 'Connectivity': 'Bluetooth v5.0, Wifi 8, FM Radio, 4G', 'OS': 'Android 12', 'Resolution': '720 x 1600 pixels, 20:9 ratio (~270 ppi density)', 'Main Camera': '50MP + 2MP + 2MP', 'Internal Storage': '128GB', 'Selfie Camera': '8 MP, f/2.0, (wide)'}"
2024-10-05 22:10:36,Nokia G60 5G,Nokia,30500.0,34500.0,11.59,0,IN STOCK,"{'RAM': '4GB, 6GB', 'Battery': '4500 mAh', 'Display': '6.58-inches', 'Processor': 'Qualcomm Snapdragon 695 5G (6 nm)', 'Connectivity': 'Hybrid Dual SIM, 5G Band', 'Colors': 'Pure Black, Ice Gray', 'OS': 'Android 12', 'Main camera': '50MP+5MP+ 2MP', 'Front camera': '8 MP', 'Internal Storage': '64GB, 128GB'}"
2024-10-05 22:10:41,Nokia X30 5G,Nokia,58500.0,65000.0,10.0,0,IN STOCK,"{'RAM': '8GB', 'Battery': '4200 mAh', 'Display': '6.43-inches', 'Processor': 'Qualcomm Snapdragon 695 5G', 'Connectivity': 'dual SIM, 4G Band', 'Colors': 'Cloudy Blue, Ice White', 'OS': 'Android 12', 'Main camera': '50MP+13MP', 'Front camera': '16 MP', 'Internal Storage': '256GB'}"
2024-10-05 22:10:46,Nokia C21 Plus,Nokia,13200.0,15000.0,12.0,0,SOLD OUT,"{'RAM': '2GB', 'Storage': '64GB', 'Battery': '4,000mAh', 'Camera': '13MP + 2MP', 'Selfie': '5 MP', 'Display': '6.52 inch', 'Processor': 'Unisoc SC9863A', 'Connectivity': 'Dual sim, 4G, Wi-Fi', 'Colors': 'Dark Cyan, Warm Gray', 'OS': 'Android 11 (Go edition)'}"
2024-10-05 22:10:54,Oppo Reno 12F 4G,Oppo,38500.0,40000.0,3.75,0,IN STOCK,"{'RAM': '8GB', 'Storage': '256GB, 512GB', 'Battery': '5,000 mAh, 45W', 'Camera': '50MP + 8MP + 2MP', 'Selfie': '32MP', 'Display': '6.67 inch, AMOLED,120Hz', 'Processor': 'Qualcomm SM6225 Snapdragon 685 (6 nm)', 'Connectivity': 'Dual SIM, 3G, 4G, 5G', 'Colors': 'Amber Orange, Olive Green, Matte Grey', 'OS': 'Android 14, ColorOS 14'}"
2024-10-05 22:10:59, Oppo Pad Neo,Oppo,,34500.0,,0,IN STOCK,"{'RAM': '6GB, 8GB', 'Battery': '8,000 mAh, non-removable', 'Display': '4 inches, IPS LCD', 'Connectivity': '4G, Wi-Fi, Bluetooth', 'Colors': 'Gray'}"
2024-10-05 22:11:04,Oppo A3x 4G,Oppo,18500.0,15000.0,-23.33,0,IN STOCK,"{'RAM': '4GB', 'Battery': '5,100mAh, 45W', 'Display': '6.67 inches, IPS LCD', 'Connectivity': '4G, Bluetooth 5.0, GPS, NFC, USB Type-C', 'OS': 'Android 14, ColorOS 14', 'Main Camera': '8MP + Auxiliary Lens', 'Selfie Camera': '5 MP, f/2.2, (wide)'}"
2024-10-05 22:11:10,Oppo A3 4G,Oppo,29500.0,24000.0,-22.92,0,IN STOCK,"{'RAM': '6GB', 'Battery': '5,100mAh, 45W', 'Display': '67 inches, IPS LCD', 'Connectivity': '4G, Bluetooth 5.0, GPS, NFC, USB Type-C', 'OS': 'Android 14, ColorOS 14', 'Main Camera': '50MP + Auxiliary Lens', 'Selfie Camera': '5 MP, f/2.2, (wide)'}"
2024-10-05 22:11:15,Oppo Reno 12F 5G,Oppo,44500.0,55000.0,19.09,0,IN STOCK,"{'RAM': '8GB, 12GB', 'Storage': '256GB, 512GB', 'Battery': '5000 mAh, 45W wired, PD2.0', 'Camera': '50MP + 8MP + 2MP', 'Selfie': '32MP', 'Display': '6.67 inch, AMOLED,120Hz', 'Processor': 'Mediatek Dimensity 6300 (6 nm)', 'Connectivity': 'Dual sim, 3G, 4G, 5G', 'Colors': 'Olive Green, Amber Orange', 'OS': 'Android 14, ColorOS 14'}"
2024-10-05 22:11:21,Oppo Reno 12 5G,Oppo,63500.0,70500.0,9.93,0,IN STOCK,"{'RAM': '8GB, 12GB', 'Storage': '256GB,512GB', 'Battery': '5000 mAh, 80W', 'Camera': '50MP + 8MP + 2MP', 'Selfie': '32MP', 'Display': '6.7 inch, AMOLED,120Hz', 'Processor': 'Mediatek Dimensity 7300 Energy (4 nm)', 'Connectivity': 'Dual SIM, 3G, 4G, 5G', 'Colors': 'Matte Brown, Sunset Pink, Astro Silver', 'OS': 'Android 14, ColorOS 14.1'}"
2024-10-05 22:11:27,Oppo A60 4G,Oppo,29500.0,30000.0,1.67,0,IN STOCK,"{'RAM': '8GB', 'Storage': '128GB, 256GB', 'Battery': '5,000 mAh, 45W (50% in 30 min)', 'Camera': '50MP + 8MP', 'Selfie': '8MP', 'Display': '6.67 inch, IPS LCD, 90Hz', 'Processor': 'Qualcomm SM6225 Snapdragon 680 4G (6 nm)', 'Connectivity': 'Dual SIM, 3G, 4G', 'Colors': 'Blue and Purple', 'OS': 'Android 14, ColorOS 14'}"
2024-10-05 22:11:32,Oppo Reno 11 F 5G,Oppo,47000.0,39500.0,-18.99,0,IN STOCK,"{'RAM': '8GB', 'Storage': '256GB', 'Battery': '5000 mAh, 67W', 'Camera': '64MP + 8MP + 2MP', 'Selfie': '32MP', 'Display': '6.7 inch, AMOLED,120Hz', 'Processor': 'Mediatek Dimensity 7050 (6 nm)', 'Connectivity': 'Dual sim, 3G, 4G, 5G', 'Colors': 'Green, Blue and Pink', 'OS': 'Android 14, ColorOS 14'}"
2024-10-05 22:11:38,Oppo Reno 11 Pro 5G,Oppo,65000.0,68000.0,4.41,0,IN STOCK,"{'RAM': '12GB', 'Storage': '512GB', 'Battery': '4,700 mAh, 67W', 'Camera': '50MP + 32MP + 8MP', 'Selfie': '32MP', 'Display': '6.74 inch, AMOLED,120Hz', 'Processor': 'Qualcomm SM8475 Snapdragon 8+ Gen 1 (4 nm)', 'Connectivity': 'Dual SIM, 3G, 4G, 5G', 'Colors': 'Black, Green, Silver', 'OS': 'Android 14, ColorOS 14'}"
2024-10-05 22:11:43,Oppo Reno 11 5G,Oppo,62500.0,70500.0,11.35,0,IN STOCK,"{'RAM': '12GB', 'Storage': '256GB', 'Battery': '4,800 mAh, 67W', 'Camera': '50MP + 32MP + 8MP', 'Selfie': '32MP', 'Display': '6.7 inch, AMOLED, 120Hz', 'Processor': 'Mediatek Dimensity 8200 (4 nm)', 'Connectivity': 'Dual sim, 3G, 4G, 5G', 'Colors': 'Black, Green, Silver', 'OS': 'Android 14, ColorOS 14'}"
2024-10-05 22:11:49,Oppo A18,Oppo,17300.0,15000.0,-15.33,0,IN STOCK,"{'RAM': '4GB', 'Storage': '128/64GB', 'Battery': '5,000 mAh', 'Camera': '8MP + 2MP', 'Selfie': '5MP', 'Display': '6.56 inch, IPS LCD,90Hz', 'Processor': 'Mediatek MT6769 Helio G85 (12nm)', 'Connectivity': 'Dual SIM, 4G, Wi-Fi', 'Colors': 'Glowing Black, Glowing Blue', 'OS': 'Android 13, ColorOS 13.1'}"
2024-10-05 22:11:54,Oppo A58 4G,Oppo,,27000.0,,0,IN STOCK,"{'RAM': '8GB', 'Storage': '128GB', 'Battery': '5,000 mAh with 33W Fast Charging', 'Display': '6.72 inch, IPS LCD, 90Hz', 'Processor': 'Octa-core, Mediatek MT6769 Helio G85 (12nm)', 'Connectivity': 'Dual sim, 4G, Wi-Fi', 'OS': 'Android 13, ColorOS 13.1', 'Main Camera': '50MP + 2MP', 'Selfie Camera': '8MP'}"
2024-10-05 22:12:00,Oppo A98 5G,Oppo,39500.0,45500.0,13.19,0,IN STOCK,"{'RAM': '8GB', 'Storage': '256GB', 'Battery': '5,000 mAh', 'Camera': '64MP + 2MP+ 2MP', 'Selfie': '32MP', 'Display': '6.43 inch, IPS LCD, 120Hz', 'Processor': 'Qualcomm Snapdragon 695 5G', 'Connectivity': 'Dual sim, 4G, 5G, Wi-Fi', 'Colors': 'Cool Black, Dreamy Blue, Bold Gold', 'OS': 'Android 13, ColorOS 13.1'}"
2024-10-05 22:12:05,Oppo A78 4G,Oppo,32500.0,35000.0,7.14,0,IN STOCK,"{'RAM': '8GB', 'Storage': '256GB', 'Battery': '5,000 mAh, 67W', 'Camera': '50MP + 2MP', 'Selfie': '8MP', 'Processor': 'Qualcomm SM6225 Snapdragon 680 4G (6 nm)', 'Connectivity': 'Dual sim, 4G, Wi-Fi', 'Colors': 'Mist Black, Aqua Green', 'OS': 'Android 13, ColorOS 13.1'}"
2024-10-05 22:12:11,Oppo A38,Oppo,23700.0,18500.0,-28.11,0,IN STOCK,"{'RAM': '4/6GB', 'Storage': '128GB', 'Battery': '5000 mAh', 'Camera': '50MP + 2MP', 'Selfie': '5MP', 'Display': '6.56 inch, IPS LCD, 90Hz', 'Processor': 'Mediatek Helio G85', 'Connectivity': 'Dual sim, 4G, 5G, Wi-Fi', 'Colors': 'Glowing Black, Glowing Gold', 'OS': 'Android 13, ColorOS 13.1'}"
2024-10-05 22:12:16,Oppo Reno 10 5G,Oppo,55000.0,58000.0,5.17,0,IN STOCK,"{'RAM': '8GB', 'Storage': '128GB, 256GB', 'Battery': '5000 mAh, 67W', 'Camera': '64MP + 32MP + 8MP', 'Selfie': '32MP', 'Display': '6.7 inch, AMOLED,120Hz', 'Processor': 'Mediatek  Dimensity 7050', 'Connectivity': 'Dual sim, 3G, 4G, 5G', 'Colors': 'Silvery Grey, Ice Blue', 'OS': 'Android 13, ColorOS 13'}"
2024-10-05 22:12:22,Oppo Reno 10 Pro 5G,Oppo,65000.0,68000.0,4.41,0,IN STOCK,"{'RAM': '12GB', 'Storage': '256GB', 'Battery': '4,600 mAh, 80W', 'Camera': '50MP + 32MP + 8MP', 'Selfie': '32MP', 'Display': '6.74 inch, AMOLED, 120Hz', 'Processor': 'Qualcomm Snapdragon 778G 5G', 'Connectivity': 'Dual SIM, 2G, 3G, 4G, 5G', 'Colors': 'Silvery Grey, Glossy Purple', 'OS': 'Android 13, ColorOS 13'}"
2024-10-05 22:12:27,Oppo A58,Oppo,29700.0,27000.0,-10.0,0,IN STOCK,"{'RAM': '6GB, 8GB', 'Storage': '128GB', 'Battery': '5000 mAh, 33W', 'Selfie': '8MP', 'Display': '6.72 inch, IPS LCD, 90Hz', 'Processor': 'MediaTek Helio G85', 'Connectivity': 'Dual sim, 4G, Wi-Fi', 'Colors': 'Glowing Black, Dazzling Green', 'OS': 'Android 13, ColorOS 13.1', 'Main Camera': '50MP + 2MP'}"
2024-10-05 22:12:36,OnePlus 12 5G,OnePlus,90500.0,95000.0,4.74,0,IN STOCK,"{'RAM': '12GB, 16GB', 'Storage': '256GB, 512GB', 'Battery': '5,400 mAh, 100W', 'Camera': '50MP + 64MP + 48MP', 'Selfie': '32MP', 'Display': '6.82 inch, LTPO AMOLED,120Hz', 'Processor': 'Qualcomm SM8650-AB Snapdragon 8 Gen 3 (4 nm)', 'Connectivity': 'Dual SIM, 3G, 4G, 5G', 'Colors': 'Black, Green, Silver', 'OS': 'Android 14, HyperOS'}"
2024-10-05 22:12:41,OnePlus Nord CE4 Lite,OnePlus,37500.0,40000.0,6.25,0,IN STOCK,"{'RAM': '8GB', 'Battery': '5,110 mAh non-removable Li-ion battery', 'Display': '6.67 inch, AMOLED', 'Processor': 'Qualcomm SM6375 Snapdragon 695 5G (6 nm)', 'Operating System': 'Android 14, OxygenOS 14', 'Main Camera': '50MP + 2MP', 'Selfie Camera': '16MP front camera'}"
2024-10-05 22:12:47,OnePlus Nord 4,OnePlus,62500.0,54000.0,-15.74,0,IN STOCK,"{'RAM': '12GB, 16GB', 'Battery': '5,500mAh, 100W', 'Connectivity': '5G, Bluetooth 5.4', 'OS': 'Android 14 with OxygenOS 14.1', 'Selfie Camera': '16MP'}"
2024-10-05 22:12:52,OnePlus Buds 2 Pro,OnePlus,25800.0,26000.0,0.77,0,IN STOCK,"{'Battery': '39 Hours of Playback', 'Colors': 'Arbor Green, Misty White, and Obsidian Black'}"
2024-10-05 22:12:58,OnePlus Nord N30 SE,OnePlus,21000.0,23000.0,8.7,0,IN STOCK,"{'RAM': '4GB', 'Battery': '5000 mAh, 33W', 'Display': '6.72 inches, IPS LCD', 'Processor': 'Mediatek Dimensity 6020 (7 nm)', 'Connectivity': 'Dual SIM, 5G, Wi-Fi', 'Colors': 'Black Satin, Cyan', 'OS': 'Android 13, OxygenOS 13.1', 'Main camera': '50MP + 2 MP', 'Front camera': '8MP', 'Internal Storage': '128 GB'}"
2024-10-05 22:13:04,OnePlus Nord CE4 5G,OnePlus,43000.0,46500.0,7.53,0,IN STOCK,"{'RAM': '8GB, 12GB', 'Battery': '5,500 mAh non-removable Li-ion battery', 'Display': 'It features a 6.74-inch AMOLED', 'Processor': 'Qualcomm Snapdragon 7+ Gen 3 (4 nm)', 'Operating System': 'Android 14, ColorOS 14', 'Main Camera': '50MP + 8MP', 'Selfie Camera': '16MP front camera'}"
2024-10-05 22:13:09,OnePlus Buds 3,OnePlus,11200.0,13000.0,13.85,0,IN STOCK,"{'Battery': 'up to 44Hours Playback', 'Connectivity': 'Bluetooth v5.3'}"
2024-10-05 22:13:15,OnePlus Nord Buds 2r,OnePlus,,7000.0,,0,SOLD OUT,"{'Battery': '38 Hours of playtime', 'Connectivity': 'Bluetooth 5.3', 'Colors': 'Triple Blue, Deep Grey'}"
2024-10-05 22:13:21,OnePlus Ace 3,OnePlus,78500.0,90000.0,12.78,0,IN STOCK,"{'RAM': '12GB, 16GB', 'Storage': '256GB, 512GB, 1TB', 'Battery': '5,500 mAh, 100W', 'Camera': '50MP + 8MP + 2MP', 'Selfie': '16MP', 'Display': '6.78 inch, LTPO AMOLED, 1B colors, 120Hz, HDR10+, Dolby Vision', 'Processor': 'Qualcomm SM8550-AB Snapdragon 8 Gen 2 (4 nm)', 'Connectivity': 'Dual SIM, 3G, 4G, 5G', 'Colors': 'Star Black, Moon Sea Blue, and Rose Gold.', 'OS': 'Android 14, ColorOS 14'}"
2024-10-05 22:13:27,OnePlus Ace 2 Pro,OnePlus,99000.0,102000.0,2.94,0,IN STOCK,"{'RAM': '24 GB', 'Storage': '1 TB', 'Battery': '5,000 mAh, 150W wired', 'Display': '6.74 inches, AMOLED, 120Hz, HDR10+', 'Processor': 'Snapdragon 8 Gen 2', 'Connectivity': 'Dual SIM, 5G, Wi-Fi', 'Colors': 'Aurora Green, Titanium Gray', 'OS': 'Android 13, ColorOS 13.1', 'Main Camera': '50MP + 8MP+ 2MP', 'Selfie Camera': '16 MP'}"
2024-10-05 22:13:32,OnePlus Open,OnePlus,185000.0,220000.0,15.91,0,IN STOCK,"{'RAM': '16GB', 'Battery': '4805mAh, 67W wired, PD, 1-100% in 42 min', 'Display': 'Main Display: 7.82 inches; Cover Display: 6.31 inches', 'Processor': 'Octa-core, Qualcomm SM8550-AB Snapdragon 8 Gen 2 (4 nm) SoC', 'Network': '5G, HSPA, LTE-A (CA), 5G speed', 'Main Camera': '48MP + 64MP + 48 MP', 'Selfie Camera': '2OMP ultrawide); Cover Camera 32MP (ultrawide)'}"
2024-10-05 22:13:38,OnePlus 12R,OnePlus,67000.0,65000.0,-3.08,0,IN STOCK,"{'RAM': '12GB,16GB', 'Battery': '5,500 mAh, 100W fast charger.', 'Camera': '50MP + 8MP+ 2MP', 'Selfie': '16 MP', 'Display': '6.78 inches, Fluid AMOLED, 120Hz, HDR10+', 'Processor': 'Octa-core, Qualcomm SM8550-AB Snapdragon 8 Gen 2 (4 nm)', 'Connectivity': 'Dual SIM, 5G, Wi-Fi', 'Colors': 'Iron Gray and Cool Blue', 'OS': 'Android 14, OxygenOS 14'}"
2024-10-05 22:13:43,OnePlus Nord CE 3 Lite 5G,OnePlus,30000.0,26000.0,-15.38,0,IN STOCK,"{'RAM': '8GB', 'Battery': '5000 mAh, 33W', 'Display': '6.72 inches, IPS LCD, 120Hz', 'Processor': 'Qualcomm Snapdragon 695 5G', 'Connectivity': 'Dual sim, 5G, Wi-Fi', 'Colors': 'Pastel Lime, Chromatic Gray', 'OS': 'Android 13, OxygenOS 13.1', 'Main camera': '108MP + 2 MP + 2 MP', 'Front camera': '16 MP', 'Internal Storage': '128GB, 256GB'}"
2024-10-05 22:13:49,OnePlus Nord 3,OnePlus,51000.0,62000.0,17.74,0,IN STOCK,"{'RAM': '16GB', 'Battery': '5000 mAh', 'Display': '6.74 inch', 'Processor': 'MediaTek Dimensity 9000', 'Connectivity': 'Dual sim, 5G, Wi-Fi 6', 'Colors': 'Misty Green, Tempest Gray', 'OS': 'Android 13, OxygenOS 13.1', 'Main camera': '50 MP + 8 MP + 2 MP', 'Front camera': '16 MP', 'Internal Storage': '256GB'}"
2024-10-05 22:13:54,OnePlus Pad,OnePlus,65000.0,75000.0,13.33,0,IN STOCK,"{'RAM': '8GB', 'Battery': '9510 mAh, 67W wired', 'Display': '11.61 inches', 'Processor': 'Mediatek Dimensity 9000', 'Connectivity': 'Wi-Fi', 'Colors': 'Halo Green', 'OS': 'Android 13, OxygenOS 13.1', 'Main camera': '13 MP', 'Front camera': '8 MP', 'Internal Storage': '128GB'}"
2024-10-05 22:14:00,OnePlus Buds Z,OnePlus,,8500.0,,0,SOLD OUT,{}
2024-10-05 22:14:06,OnePlus 30W Warp Charger,OnePlus,5500.0,6500.0,15.38,0,IN STOCK,{'Color': 'White'}
2024-10-05 22:14:12,OnePlus Buds,OnePlus,13500.0,14500.0,6.9,0,IN STOCK,"{'Color': 'White, Gray, Nord Blue'}"
2024-10-05 22:14:19,Realme Note 50,Realme,15500.0,12300.0,-26.02,0,IN STOCK,"{'RAM': '3GB, 4GB', 'Storage': '64GB, 128GB, 256GB', 'Battery': '5,000 mAh', 'Camera': '13 MP + 0.03 MP', 'Selfie': '5 MP', 'Display': '6.74 inches, IPS LCD, 90Hz', 'Processor': 'Unisoc Tiger T612 (12 nm)', 'Connectivity': 'Dual SIM, 4G, Wi-Fi', 'Colors': 'Sky Blue, Midnight Black', 'OS': 'Android 13, Realme UI T'}"
2024-10-05 22:14:24,Realme C67 4G,Realme,26000.0,28000.0,7.14,0,IN STOCK,"{'RAM': '8GB, 256GB', 'Battery': '5,000 mAh, non-removable', 'Display': '6.72 inches, IPS LCD', 'Connectivity': '4G', 'Main Camera': '108MP + 2MP', 'Selfie Camera': '8 MP'}"
2024-10-05 22:14:30,Realme C51,Realme,16000.0,19800.0,19.19,0,IN STOCK,"{'RAM': '4GB', 'Storage': '128GB', 'Battery': '5,000 mAh, 33W wired', 'Camera': '50 MP + 0.03 MP', 'Selfie': '5 MP', 'Display': '6.74 inches, IPS LCD, 90Hz', 'Processor': 'Unisoc Tiger T612', 'Connectivity': 'Dual SIM, 4G, Wi-Fi', 'Colors': 'Mint Green and Carbon Black', 'OS': 'Android 13, Realme UI T'}"
2024-10-05 22:14:35,Realme C53,Realme,21000.0,24000.0,12.5,0,IN STOCK,"{'RAM': '6GB,8GB', 'Storage': '128GB, 256GB', 'Battery': '5000 mAh, 33W wired,', 'Camera': '50 MP + 2 MP', 'Selfie': '8 MP', 'Display': '6.72 inches, IPS LCD, 90Hz', 'Processor': 'Unisoc Tiger T612', 'Connectivity': 'Dual sim, 4G, Wi-Fi', 'Colors': 'Champion Gold, Mighty Black', 'OS': 'Android 13, Realme UI T'}"
2024-10-05 22:14:41,Realme 10,Realme,33500.0,35000.0,4.29,0,IN STOCK,"{'RAM': '8GB', 'Storage': '256GB', 'Battery': '5,000 mAh, 33W Wired fast charger', 'Camera': '50MP + 2 MP', 'Selfie': '16 MP, f/2.5', 'Display': '6.4 inches, Super AMOLED, 90Hz', 'Processor': 'MediaTek Helio G99', 'Connectivity': 'Dual SIM, 4G, Wi-Fi', 'Colors': 'White and Blue', 'OS': 'Android 12, Realme UI 3.0'}"
2024-10-05 22:14:46,Realme C55,Realme,28500.0,29500.0,3.39,0,IN STOCK,"{'RAM': '6GB, 8GB', 'Storage': '128GB, 256GB', 'Battery': '5000 mAh', 'Camera': '64 MP + 2 MP', 'Selfie': '8 MP', 'Display': '6.72 inches, IPS LCD, 90Hz', 'Processor': 'Mediatek Helio G88', 'Connectivity': 'Dual sim, 4G, Wi-Fi', 'Colors': 'Sun Shower, Rainy Night, Rainforest', 'OS': 'Android 13, Realme UI 4.0'}"
2024-10-05 22:14:52,Realme C30s,Realme,12500.0,11500.0,-8.7,0,IN STOCK,"{'RAM': '2GB, 3GB, 4GB', 'Battery': '5,000 mAh', 'Display': '6.5 inch', 'Processor': 'Unisoc Tiger T612 (12 nm)', 'Connectivity': 'Dual SIM, supporting up to 4G', 'Colors': 'Stripe Blue, Stripe Black', 'OS': 'Android 11', 'Main Camera': '8MP'}"
2024-10-05 22:14:58,Realme Pad Wi-Fi Only,Realme,20800.0,22000.0,5.45,0,IN STOCK,"{'RAM': '3GB', 'Battery': '7100 mAh, 18W', 'Display': '10.4 inches, IPS LCD', 'Processor': 'Mediatek MT6769V/CU Helio G80', 'Connectivity': '4G, Nano-SIM, Wi-Fi', 'Colors': 'Gray, Gold', 'OS': 'Android 11', 'Main camera': '8 MP', 'Front camera': '8 MP, 105˚ (ultrawide)', 'Internal Storage': '32GB'}"
2024-10-05 22:15:03,Realme Pad,Realme,31000.0,22000.0,-40.91,0,IN STOCK,"{'RAM': '3GB, 4GB, 6GB', 'Battery': '7100 mAh, 18W', 'Display': '10.4 inches, IPS LCD', 'Processor': 'Mediatek MT6769V/CU Helio G80', 'Connectivity': '4G, Nano-SIM, Wi-Fi', 'Colors': 'Gray, Gold', 'OS': 'Android 11', 'Main camera': '8 MP', 'Front camera': '8 MP, 105˚ (ultrawide)', 'Internal Storage': '32GB, 64GB, 128GB'}"
2024-10-05 22:15:11,Tecno Camon 30S Pro,Tecno,32000.0,36500.0,12.33,0,IN STOCK,"{'RAM': '8GB', 'Battery': '5,000mAh, 45W wired, 0-100% in 45 minutes.', 'Display': '6.78-inch AMOLED', 'Connectivity': '4G, Bluetooth, WIFI, USB-C', 'OS': 'Android 14, up to 2 major Android upgrades, HIOS 14', 'Main Camera': '50MP+2MP+Auxiliary lens camera', 'Selfie Camera': '50MP'}"
2024-10-05 22:15:16,Tecno Phantom V Fold 2,Tecno,126000.0,135000.0,6.67,0,IN STOCK,"{'RAM': '12GB', 'Battery': '5750mAh, 70W wired (1-50% in 20 min, 100% in 49 min)', 'Connectivity': '5G, Bluetooth v5.3, Wi-Fi, GPS, 2 SIM', 'OS': 'Android 14, up to 2 major Android upgrades, HiOS 14 Fold', 'Main Camera': '50MP+50MP+50MP', 'Internal Storage': '512GB'}"
2024-10-05 22:15:22,Tecno Phantom V Flip 2,Tecno,78500.0,84000.0,6.55,0,IN STOCK,"{'RAM': '8GB', 'Battery': '4720 mAh', 'Processor': 'Mediatek Dimensity 8020 (6 nm)', 'Connectivity': 'Dual SIM, 2G, 3G, 4G, 5G, Wi-Fi', 'Colors': 'Gray, Green', 'OS': 'Android 14, HIOS 14', 'Display Size': '6.9 inches LTPO AMOLED, 120Hz', 'Main camera': '50MP + 50MP', 'Front camera': '32 MP', 'Internal Storage': '256GB'}"
2024-10-05 22:15:28,Tecno Pop 9,Tecno,12800.0,11800.0,-8.47,0,IN STOCK,"{'RAM': '3GB, 4GB', 'Battery': '5,000 mAh', 'Camera': '13 MP + 0.08 MP', 'Selfie': '8 MP', 'Display': '6.67 inches, IPS LCD', 'Processor': 'Unisoc T615 (12 nm)', 'Connectivity': 'Dual SIM, 4G, Wi-Fi', 'Colors': 'Startrail Black, Glittery White', 'OS': 'Android 14 (Go edition)'}"
2024-10-05 22:15:33,Tecno Spark 30C,Tecno,14500.0,18000.0,19.44,0,IN STOCK,"{'RAM': '4GB', 'Battery': 'Li-Po 5000 mAh, 18W', 'Display': '6.67-inch, IPS LCD, 120Hz', 'Processor': 'Octa-core MediaTek G81', 'OS': 'Android 14', 'Resolution': '720 x 1600 pixels', 'Main Camera': '50MP + Auxiliary Lens', 'Selfie Camera': '8MP'}"
2024-10-05 22:15:40,Tecno Spark 30,Tecno,20300.0,17500.0,-16.0,0,IN STOCK,"{'RAM': '8GB', 'Battery': '5,000mAh', 'Display': '6.78-inch FHD', 'Connectivity': '4G, NFC, Infrared, Bluetooth, Wi-Fi', 'OS': 'Android 14', 'Main Camera': '64MP', 'Internal Storage': '128/256GB'}"
2024-10-05 22:15:46,Tecno Camon 30 Premier,Tecno,69500.0,71500.0,2.8,0,IN STOCK,"{'RAM': '12GB', 'Battery': '5,000mAh, 70W', 'Display': '6.77-inches, AMOLED, 120 Hz', 'Processor': 'MediaTek 8200 Ultimate', 'Connectivity': '5G', 'OS': 'Android 14 with HiOS 14', 'Main Camera': '50MP + 50MP + 50MP', 'Selfie Camera': '50MP'}"
2024-10-05 22:15:53,Tecno Pova 6 Neo 4G,Tecno,26500.0,30000.0,11.67,0,IN STOCK,"{'RAM': '8 GB', 'Battery': '7,000mAh, 33W', 'Display': '6.78-inches, IPS LCD', 'Connectivity': '4G, WI-FI, NFC', 'Colors': 'Starry Silver, Speed Black, Comet Green', 'OS': 'Android 14, HIOS 14', 'Main Camera': '50 MP, (wide), PDAF', 'Selfie Camera': '8MP'}"
2024-10-05 22:15:59,Tecno Camon 30 5G,Tecno,47500.0,48500.0,2.06,0,SOLD OUT,"{'RAM': '8GB /12GB', 'Battery': '5,000mAh, 70W', 'Display': '6.78-inches, AMOLED, 120 Hz', 'Processor': 'Mediatek Dimensity 7020 (6 nm)', 'Connectivity': '5G', 'OS': 'Android 14 with HiOS 14', 'Main Camera': '50MP+2MP+ 0.08 MP', 'Selfie Camera': '50MP'}"
2024-10-05 22:16:05,Tecno Camon 30,Tecno,30500.0,31500.0,3.17,0,IN STOCK,"{'RAM': '8GB/12GB', 'Battery': '5,000mAh, 70W', 'Display': '6.78-inches, AMOLED, 120 Hz', 'Processor': 'Mediatek Helio G99 Ultimate', 'Connectivity': '4G', 'OS': 'Android 14 with HiOS 14', 'Main Camera': '50MP+2MP', 'Selfie Camera': '50MP'}"
2024-10-05 22:16:11,Tecno Spark 20 Pro Plus,Tecno,29500.0,30000.0,1.67,0,IN STOCK,"{'RAM': '8GB', 'Battery': 'Li-Po 5,000mAh, 44W', 'Display': '6.82-inch, AMOLED, 120Hz', 'Processor': 'Octa-core Mediatek Helio G99 (6nm)', 'OS': 'Android 13', 'Resolution': '1080 x 2460 pixels (~396 ppi density)', 'Main Camera': '108MP AI Lens', 'Selfie Camera': '32MP'}"
2024-10-05 22:16:17,Tecno Spark 20 Pro,Tecno,23500.0,24500.0,4.08,0,IN STOCK,"{'RAM': '8GB', 'Battery': 'Li-Po 5,000 mAh, 33W', 'Display': '6.78-inch, IPS LCD, 90Hz', 'Processor': 'Octa-core Mediatek Helio G99 (6nm)', 'OS': 'Android 13', 'Resolution': '1080 x 2460 pixels (~396 ppi density)', 'Main Camera': '108MP + 0,08MP', 'Selfie Camera': '32MP'}"
2024-10-05 22:16:23,Tecno Spark 20,Tecno,19500.0,16500.0,-18.18,0,IN STOCK,"{'RAM': '8GB', 'Battery': 'Li-Po 5,000 mAh, 18W', 'Display': '6.56-inch, IPS LCD, 90Hz', 'Processor': 'Octa-core Mediatek MT6769Z Helio G85 (12nm)', 'OS': 'Android 13', 'Resolution': '720 x 1612 pixels, 20:9 ratio (~267 ppi density)', 'Main Camera': '50 MP, f/1.6, (wide), 0.64µm, PDAF', 'Selfie Camera': '32MP'}"
2024-10-05 22:16:29,Tecno Spark 20C,Tecno,16000.0,17000.0,5.88,0,IN STOCK,"{'RAM': '4GB', 'Battery': 'Li-Po 5000 mAh, 18W', 'Display': '6-inch, IPS LCD, 90Hz', 'Processor': 'Octa-core MediaTek', 'OS': 'Android 13', 'Resolution': '720 x 1612 pixels', 'Main Camera': '50MP + 0.08MP', 'Selfie Camera': '8MP'}"
2024-10-05 22:16:35,Tecno Pop 8,Tecno,11800.0,12500.0,5.6,0,IN STOCK,"{'RAM': '3GB, 4GB', 'Battery': '5,000 mAh', 'Camera': '13 MP + 0.08 MP', 'Selfie': '8 MP', 'Display': '6.6 inches, IPS LCD', 'Processor': 'Octa-core Unisoc T606 (12 nm)', 'Connectivity': 'Dual SIM, 4G, Wi-Fi', 'Colors': 'Mystery White, Alpenglow Gold, Magic Skin, Gravity Black', 'OS': 'Android 13 (Go edition)'}"
2024-10-05 22:16:41,Tecno Phantom V Flip,Tecno,78500.0,102000.0,23.04,0,IN STOCK,"{'RAM': '8GB', 'Battery': '4,000mAh', 'Processor': 'Mediatek Dimensity 8050 (6 nm)', 'Connectivity': 'Dual SIM, 2G, 3G, 4G, 5G, Wi-Fi', 'Colors': 'Iconic Black, Mystic Dawn', 'OS': 'Android 13, HIOS 13.5', 'Display Size': '6.9 inches (~84.6% screen-to-body ratio)', 'Main camera': '64MP + 13MP', 'Front camera': '32MP Cover lens', 'Internal Storage': '256GB'}"
2024-10-05 22:16:46,Tecno Camon 20 Pro 5G,Tecno,27500.0,30500.0,9.84,0,IN STOCK,"{'RAM': '8 GB', 'Battery': '5000 mAh, 33W wired', 'Display': '6.67 inches, AMOLED, 120Hz', 'Processor': 'Mediatek Dimensity 8050', 'Connectivity': 'Dual Sim, 3G, 4G, 5G, Wi-Fi', 'Colors': 'Black, Blue', 'OS': 'Android 13, HIOS 13', 'Main Camera': '64MP + 2MP + 2MP', 'Internal Storage': '256GB'}"
2024-10-05 22:16:52,Tecno Camon 20 Premier 5G,Tecno,47000.0,55000.0,14.55,0,IN STOCK,"{'RAM': '8 GB', 'Battery': '5000 mAh', 'Display': '6.67 inches, AMOLED, 120Hz', 'Processor': 'Mediatek Dimensity 8050 (6 nm)', 'Connectivity': 'Dual sim, 3G, 4G, 5G, Wi-Fi', 'Colors': 'Dark Welkin, Serenity Blue', 'OS': 'Android 13, HIOS 13', 'Main camera': '108 MP + 50 MP + 2 MP', 'Front camera': '32 MP', 'Internal Storage': '512  GB'}"
2024-10-05 22:16:58,Tecno Camon 20 Pro 4G,Tecno,29500.0,45000.0,34.44,0,SOLD OUT,"{'RAM': '8 GB', 'Battery': '5000 mAh, 33W wired', 'Display': '6.67 inches, AMOLED, 120Hz', 'Processor': 'Mediatek Helio G99', 'Connectivity': 'Dual Sim, 3G, 4G, Wi-Fi', 'Colors': 'Predawn Black, Serenity Blue, Doodle edition', 'OS': 'Android 13, HIOS 13', 'Main Camera': '64MP + 2MP + 2MP', 'Internal Storage': '128GB, 256GB'}"
2024-10-05 22:17:04,Tecno Pop 7,Tecno,12000.0,14500.0,17.24,0,IN STOCK,"{'RAM': '2GB', 'Storage': '64 GB', 'Battery': '5000 mAh', 'Camera': '8 MP + QVGA', 'Selfie': '5 MP', 'Display': '6.6 inches', 'Processor': 'Mediatek MT6761 Helio A22', 'Connectivity': 'Dual sim, 4G, Wi-Fi', 'Colors': 'Endless Black, Capri Blue', 'OS': 'Android 12, HIOS 12'}"
2024-10-05 22:17:09,Tecno Phantom V Fold,Tecno,130500.0,119000.0,-9.66,2,IN STOCK,"{'RAM': '12GB', 'Battery': '5,000 mAh', 'Display': '7.85 inches foldable display, 6.42 inches folded display', 'Processor': 'Mediatek Dimensity 9000+ (4 nm)', 'Connectivity': 'Dual sim, 2G, 3G, 4G, 5G, Wi-Fi', 'Colors': 'Black, White', 'OS': 'Android 13, HiOS 13 Fold', 'Main camera': '50MP + 50MP +13MP', 'Front camera': '16MP, 32MP Cover lens', 'Internal Storage': '256GB /  512GB'}"
2024-10-05 22:17:15,Tecno Phantom X2,Tecno,50500.0,75000.0,32.67,0,IN STOCK,"{'RAM': '8GB', 'Battery': '5160 mAh', 'Display': '6.8 inches, AMOLED, 120Hz,', 'Processor': 'MediaTek Dimensity 9000', 'Connectivity': 'Dual sim, 4G, 5G, Wi-Fi', 'Colors': 'Stardust Gray, Moonlight Silver', 'OS': 'Android 12, HIOS 12', 'Main camera': '64 MP + 13 MP + 2 MP', 'Front camera': '32 MP', 'Internal Storage': '256GB'}"
2024-10-05 22:17:21,Tecno Phantom X2 Pro 5G,Tecno,65500.0,90500.0,27.62,0,IN STOCK,"{'RAM': '12GB', 'Battery': '5160 mAh', 'Display': '6.8 inches, AMOLED, 120Hz,', 'Processor': 'MediaTek Dimensity 9000', 'Connectivity': 'Dual sim, 4G, 5G, Wi-Fi', 'Colors': 'Stardust Gray, Mars Orange', 'OS': 'Android 12, HIOS 12', 'Main camera': '50 MP + 50 MP + 13 MP', 'Front camera': '32 MP', 'Internal Storage': '256GB'}"
2024-10-05 22:17:27,Vivo V40 5G,Vivo,60000.0,65000.0,7.69,0,IN STOCK,"{'RAM': '12GB', 'Battery': '5500mAh, 80W', 'Display': '6.78 inches', 'Connectivity': '5G, Bluetooth 5.4, NFC, GPS, NFC', 'OS': 'Android 14, Funtouch 14', 'Main Camera': '50MP+50MP'}"
2024-10-05 22:17:32,Vivo Y28 4G,Vivo,24800.0,22500.0,-10.22,0,IN STOCK,"{'RAM': '6GB, 8GB.', 'Battery': '6,000 mAh, 44W charging', 'Camera': '50MP + 2MP rear, 8MP front lens', 'Display': '6.68 inches, IPS LCD', 'Processor': 'Mediatek Helio G85 (12 nm)', 'Connectivity': 'Dual SIM, 4G, Wi-Fi, Bluetooth, GPS', 'Colors': 'Agate Green, Gleaming Orange', 'OS': 'Android 14, Funtouch 14', 'Internal Storage': '128GB, 256GB; expandable via microSD card (shared)'}"
2024-10-05 22:17:38,Vivo Y18 4G,Vivo,18500.0,20000.0,7.5,0,IN STOCK,"{'RAM': '4/6/8 GB', 'Display': '6.56 inches, IPS LCD, 840 nits (HBM)', 'Connectivity': 'Dual SIM, 3G, 4G, Wi-Fi', 'Colors': 'Mocha Brown, Wave Aqua', 'OS': 'Android 14, Funtouch 14', 'Main camera': '50 MP + 0.08 MP', 'Front camera': '8 MP', 'Internal Storage': '128GB/256GB'}"
2024-10-05 22:17:44,Vivo Y03,Vivo,15500.0,13700.0,-13.14,0,IN STOCK,"{'RAM': '4GB', 'Battery': '5,000mAh, 15W charging', 'Camera': '13MP + 0.08MP rear, 5MP front lens', 'Display': '6.56 inches, IPS LCD', 'Processor': 'Mediatek Helio G85 (12nm)', 'Connectivity': 'Dual SIM, 4G, Wi-Fi, Bluetooth, GPS', 'Colors': 'Space Black, Gem Green', 'OS': 'Android 14, Funtouch 14', 'Internal Storage': '64GB, 128GB'}"
2024-10-05 22:17:49,Vivo V30 Lite,Vivo,33500.0,35500.0,5.63,0,IN STOCK,"{'RAM': '16GB RAM (8GB + 8GB )', 'Storage': '256GB ROM', 'Battery': '5000 mAh – Type C 80W', 'Display': '1 Billion Colors, 1300 nits', 'Processor': '685 Snapdragon® (6nm)', 'Color': 'Breeze Green, Crystal Black'}"
2024-10-05 22:17:55,Vivo V30 5G,Vivo,58000.0,62500.0,7.2,0,IN STOCK,"{'RAM': '8GB, 12GB', 'Battery': '5,000 mAh, non-removable', 'Display': '6.78 inches, AMOLED', 'Connectivity': '5G', 'Main Camera': '50MP + 50MP', 'Selfie Camera': '50 MP'}"
2024-10-05 22:18:00,Vivo Y27s,Vivo,32500.0,33500.0,2.99,0,IN STOCK,"{'RAM': '8 GB', 'Battery': '5,000 mAh', 'Display': '6.64 inches, IPS LCD, 600 nits (peak)', 'Processor': 'Qualcomm SM6225 Snapdragon 680 4G (6 nm)', 'Connectivity': 'Dual SIM, 3G, 4G, Wi-Fi', 'Colors': 'Burgundy Black, Garden Green', 'OS': 'Android 13, Funtouch 13.', 'Main camera': '50 MP + 2 MP', 'Front camera': '8 MP', 'Internal Storage': '128GB/256GB'}"
2024-10-05 22:18:06,Vivo V29,Vivo,57500.0,62800.0,8.44,0,IN STOCK,"{'RAM': '12GB', 'Battery': '5,000 mAh', 'Display': '6.78-inchAMOLED, 1B colors, 120Hz, HDR10+', 'Processor': 'Octa-core, Qualcomm SM7325 Snapdragon 778G 5G (6 nm)', 'Connectivity': 'Dual SIM, 3G, 4G, 5G, Wi-Fi', 'Colors': 'Space Black, Himalayan Blue, Purple Fairy, Majestic Red', 'OS': 'Android 13, Funtouch 13.', 'Main camera': '50 MP + 8 MP + 2MP', 'Front camera': '850MP', 'Internal Storage': '256GB'}"
2024-10-05 22:18:12,Vivo V29e,Vivo,45500.0,48500.0,6.19,0,IN STOCK,"{'RAM': '8 GB', 'Battery': '4,800 mAh', 'Display': '6.67-inch, AMOLED, 120Hz, 1150 nits (peak)', 'Processor': 'Octa-core, Qualcomm SM6375 Snapdragon 695 5G (6 nm)', 'Connectivity': 'Dual SIM, 3G, 4G, 5G, Wi-Fi', 'Colors': 'Forest Black, Rose Gold, Ice Creek Blue', 'OS': 'Android 13, Funtouch 13.', 'Main camera': '64MP + 8MP', 'Front camera': '50MP', 'Internal Storage': '256GB'}"
2024-10-05 22:18:17,Vivo Y17s,Vivo,20500.0,22500.0,8.89,0,IN STOCK,"{'RAM': '6GB', 'Battery': '5,000 mAh', 'Display': '6.56 inches', 'Processor': 'Octa-core Mediatek MT6769 Helio G85 (12nm)', 'Connectivity': 'Dual SIM, 3G, 4G, Wi-Fi', 'Colors': 'Glitter Purple, Forest Green', 'OS': 'Android 13, Funtouch 13', 'Main camera': '50 MP + 2 MP', 'Front camera': '8 MP', 'Internal Storage': '128GB'}"
2024-10-05 22:18:23,Vivo Y02t,Vivo,17200.0,18000.0,4.44,0,IN STOCK,"{'RAM': '4GB', 'Battery': '5,000 mAh', 'Display': '6.51 inches', 'Processor': 'Octa-core Mediatek MT6765 Helio P35 (12nm)', 'Connectivity': 'Dual SIM, 3G, 4G, Wi-Fi', 'Colors': 'Orchid Blue, Cosmic Grey, Sunset Gold', 'OS': 'Android 13, Funtouch 13', 'Main camera': '8MP', 'Front camera': '5MP', 'Internal Storage': '64GB'}"
2024-10-05 22:18:29,Vivo Y35,Vivo,26500.0,29999.0,11.66,0,IN STOCK,"{'RAM': '8GB', 'Battery': '5000 mAh', 'Display': '6.58 inches', 'Processor': 'Snapdragon 680 4G', 'Connectivity': 'Dual SIM, 3G, 4G, Wi-Fi', 'Colors': 'Dawn Gold, Agate Black', 'OS': 'Android 11, Funtouch 12', 'Main camera': '50 MP + 2 MP+ 2 MP', 'Front camera': '16 MP', 'Internal Storage': '128GB'}"
2024-10-05 22:18:36,Xiaomi Redmi 14C,Xiaomi,17000.0,14000.0,-21.43,0,IN STOCK,"{'RAM': '4GB, 6GB, 8GB', 'Battery': '5160mAh, 33W', 'Connectivity': '4G, Bluetooth 5.4, Type-C', 'OS': 'Android 14, HyperOS', 'Main Camera': '50MP + 2MP', 'Selfie Camera': '13MP'}"
2024-10-05 22:18:41,Xiaomi Smart Band 8 Pro,Xiaomi,10500.0,12000.0,12.5,0,IN STOCK,"{'Battery': 'Up to 14 days battery life, convenient Magnetic Charging.', 'Display': '1.74-inch 2.5D curved AMOLED Screen.', 'Connectivity': 'Bluetooth 5.3'}"
2024-10-05 22:18:46,Xiaomi POCO F6,Xiaomi,50000.0,55800.0,10.39,0,IN STOCK,"{'RAM': '8GB, 12GB', 'Battery': '5000 mAh, 90W', 'Display': '6.67 inches, AMOLED, 120Hz', 'Processor': 'Qualcomm SM8635 Snapdragon 8s Gen 3 (4 nm)', 'Connectivity': 'Dual SIM, 3G, 4G, 5G, Wi-Fi', 'Colors': 'Black, Green, Titanium', 'Main camera': '50MP+8MP', 'Front camera': '20MP', 'Internal Storage': '256GB, 512GB'}"
2024-10-05 22:18:52,Xiaomi Smart Band 9,Xiaomi,7500.0,8500.0,11.76,0,IN STOCK,"{'Battery': '233mAh', 'Display': 'AMOLED,1.62 inches', 'Connectivity': 'Bluetooth 5.4'}"
2024-10-05 22:18:58,Xiaomi POCO X6 Pro,Xiaomi,44000.0,47500.0,7.37,0,IN STOCK,"{'RAM': '8GB, 12GB', 'Storage': '512GB', 'Battery': '5,000 mAh, 67W', 'Camera': '64MP + 8MP + 2MP', 'Selfie': '16MP', 'Display': '6.67 inch, AMOLED,120Hz', 'Processor': 'Mediatek Dimensity 8300 Ultra (4 nm)', 'Connectivity': 'Dual SIM, 3G, 4G, 5G', 'Colors': 'Black, Yellow and Gray', 'OS': 'Android 14, HyperOS'}"
2024-10-05 22:19:04,Xiaomi Redmi 13 4G,Xiaomi,18500.0,19000.0,2.63,0,IN STOCK,"{'RAM': '6GB, 8GB', 'Battery': '5,030 mAh', 'Display': '6.79 inches, IPS LCD', 'Processor': 'Mediatek Helio G91 Ultra (12 nm)', 'Connectivity': 'Dual SIM, 3G, 4G, VoLTE, Wi-Fi', 'Colors': 'Midnight Black, Sandy Gold, Ocean Blue, Pink', 'OS': 'Android 14, HyperOS', 'Main camera': '108 MP + 2MP', 'Front camera': '13 MP, f/2.5, (wide)', 'Internal Storage': '128GB, 256GB'}"
2024-10-05 22:19:10,Xiaomi Redmi A3x,Xiaomi,11500.0,12000.0,4.17,0,IN STOCK,"{'RAM': '3GB, 4GB', 'Storage': '64GB, 128GB, expandable via microSD card', 'Battery': '5000mAh, 10W charging', 'Camera': '8MP + 0.08MP rear, 5MP front', 'Display': '6.71 inches, IPS LCD, 500 nits brightness', 'Processor': 'Unisoc T603 (22 NM)', 'Connectivity': 'Dual SIM, 4G, Wi-Fi, Bluetooth, GPS', 'Colors': 'Midnight Black, Moonlight White, Aurora Green', 'OS': 'Android 14 (MIUI)'}"
2024-10-05 22:19:16,Redmi Watch 3 Active,Redmi,6700.0,8500.0,21.18,0,IN STOCK,"{'Battery': '289mAh', 'Display': '1.83-inch LCD', 'Connectivity': 'Bluetooth v5.3'}"
2024-10-05 22:19:21,Xiaomi Smart Band 8,Xiaomi,,6500.0,,0,IN STOCK,"{'Battery': '190mAh, 14-16 days', 'Display': '1.62-inch AMOLED', 'Connectivity': 'V5.1'}"
2024-10-05 22:19:27,Redmi Note 13 Pro Plus,Redmi,50000.0,52000.0,3.85,0,IN STOCK,"{'RAM': '8GB, 12GB, 16GB', 'Battery': '5,000mAh, 120W Fast Charger.', 'Processor': 'Octa-Core, Mediatek Dimensity 7200 Ultra (4 nm)', 'Display Size': '6.67 inches', 'Resolution': '1220*2712 pixels', 'Operating System': 'Android 13, MIUI 14', 'Main Camera': '200mp + 8MP + 2MP', 'Secondary Camera': '16MP'}"
2024-10-05 22:19:32,Xiaomi Redmi A3,Xiaomi,13000.0,11500.0,-13.04,0,IN STOCK,"{'RAM': '3GB, 4GB, 6GB', 'Storage': '64GB, 128GB, expandable via microSD card', 'Battery': '5000mAh, 10W charging', 'Camera': '8MP + 0.08MP rear, 5MP front', 'Display': '6.71 inches, HD+ resolution, 400 nits brightness', 'Processor': 'MediaTek Helio G36 (12 nm)', 'Connectivity': 'Dual SIM, 4G, Wi-Fi, Bluetooth, GPS', 'Colors': 'Midnight Black, Olive Green, Lake Blue', 'OS': 'Android 13 (Go Edition)'}"
2024-10-05 22:19:38,Redmi Note 13 4G,Redmi,21500.0,23500.0,8.51,0,IN STOCK,"{'RAM': '6GB, 8GB', 'Battery': '5000 mAh, 33W', 'Display': '6.67 inches, AMOLED, 120Hz', 'Processor': 'Qualcomm SM6225 Snapdragon 685', 'Connectivity': 'Dual SIM, 3G, 4G, Wi-Fi', 'Colors': 'Midnight Black, Mint Green, Ice Blue, Ocean Sunset', 'OS': 'Android 13, MIUI 14', 'Main camera': '108MP + 8MP + 2MP', 'Front camera': '16 MP', 'Internal Storage': '128GB, 256GB'}"
2024-10-05 22:19:44,Xiaomi TV Box S (2nd Gen),Xiaomi,,10000.0,,0,IN STOCK,"{'Connectivity': 'Bluetooth 5.2, Dual-band Wi-Fi'}"
2024-10-05 22:19:49,Redmi 12,Redmi,20500.0,17500.0,-17.14,0,IN STOCK,"{'RAM': '4GB, 8GB', 'Battery': '5,000 mAh, 18W', 'Display': '6.71 inch, IPS LCD, 90Hz', 'Processor': 'Mediatek Helio G88', 'Connectivity': 'Dual sim, 3G, 4G, VoLTE, Wi-Fi', 'Colors': 'Midnight Black, Sky Blue, Polar Silver, Moonstone Silver', 'OS': 'Android 13, MIUI 14', 'Main camera': '50 MP + 8 MP+ 2 MP', 'Front camera': '5MP', 'Internal Storage': '128GB, 256GB'}"
2024-10-05 22:19:55,Redmi Note 13 Pro 4G,Redmi,39500.0,29500.0,-33.9,0,IN STOCK,"{'RAM': '8GB, 12GB', 'Battery': '5000 mAh, 67W', 'Display': '6.67 inches, OLED, 68B colours, 120Hz, Dolby Vision, 1300 nits (peak)', 'Processor': 'Helio G99 Ultra', 'Connectivity': 'Dual SIM, 3G, 4G, Wi-Fi', 'Colors': 'Midnight Black, Lavender Purple, Forest Green', 'OS': 'Android 13, MIUI 14', 'Main camera': '200MP + 8MP + 2MP', 'Front camera': '16 MP', 'Internal Storage': '128GB, 256GB, 512GB'}"
2024-10-05 22:20:01,Xiaomi Poco M6 Pro 5G,Xiaomi,36000.0,39500.0,8.86,0,IN STOCK,"{'RAM': '4GB, 6GB, 8GB', 'Battery': '5,000 mAh, 18W', 'Display': 'IPS LCD, 90Hz, 550 nits', 'Processor': 'Octa-core, Qualcomm Snapdragon 4 Gen 2 (4 nm)', 'Connectivity': '3G, 4G, 5G, Bluetooth 5.3, Wi-Fi', 'Colors': 'Power Black, Forest Green', 'OS': 'Android 13, MIUI 14', 'Network': '5G enabled.', 'Main camera': '50MP + 2MP', 'Front camera': '8MP', 'Internal Storage': '64GB, 128 GB'}"
2024-10-05 22:20:07,Redmi Note 13 Pro 5G,Redmi,44500.0,39000.0,-14.1,0,IN STOCK,"{'RAM': '12', 'Battery': '5,100 mAh, 67W', 'Display': '6.67 inches, OLED, 120Hz, HDR10', 'Processor': 'Qualcomm SM7435-AB Snapdragon 7s Gen 2 (4 nm)', 'Connectivity': 'Dual SIM, 4G, 5G, VoLTE, Wi-Fi', 'Colors': 'Midnight Black, Aurora Purple (Coral Purple), Ocean Teal, Arctic White', 'OS': 'Android 13, upgradable to Android 14, HyperOS', 'Main camera': '200 MP + 8 MP + 2 MP', 'Front camera': '16 MP', 'Internal Storage': '512GB'}"
2024-10-05 22:20:13,Xiaomi Smart Band 7 Pro,Xiaomi,9000.0,12500.0,28.0,0,IN STOCK,"{'Battery': '180mAh', 'Display': '1.64-inch AMOLED', 'Connectivity': 'Bluetooth 5.2', 'Colors': 'White, Black, Blue, Pink, Green, and Orange'}"
2024-10-05 22:20:18,Xiaomi Mi Band 7,Xiaomi,7000.0,10500.0,33.33,0,IN STOCK,"{'Battery': '180mAh', 'Display': '1.62-inch AMOLED', 'Connectivity': 'Bluetooth 5.2', 'Colors': 'White, Black, Blue, Pink, Green, and Orange'}"
