Scrape Date,Scrape Time,Product Name,Reviews,Status,RAM,Internal Storage,Battery,Main camera,Front camera,Display,Cover display,Processor,Connectivity,Colors,OS,Warranty Info,Region,SKU,Brands,Cover Camera,Operating System,Internal Memory,Chipset,Main Camera,Selfie Camera,Bluetooth,Colorways,Tags,This item,Rear Camera,Inner Camera,Outer Camera,Storage,Camera,Selfie,NB,Front Camera,Length,Type,Current,Color,Material,Weight,Size,g>y,Primary Camera,Rear camera,Selfie camera,Operating system,Colour,Colours,Network,Display Size,Resolution,Secondary Camera,Ports,Screen,Refresh Rate,Fingerprint,Price 1,Price 2
2024-09-28,21:06:45,Samsung Galaxy Z Flip 6,0 Reviews,IN STOCK,12 GB,"256GB, 512GB","4000mAh, 25W",50 MP + 12 MP,10 MP,"6.7 inch, AMOLED, 120Hz","3.9 inch, AMOLED",Qualcomm Snapdragon 8 Gen 3,"Dual SIM, 3G, 4G, 5G, VoLTE, Wi-Fi","Yellow, Silver Shadow, Mint, Blue, Black, White, Peach","Android 14, One UI 6.1.1",Warranty,UAE / Dubai,N/A,Samsung,,,,,,,,,,,,,,,,,,,,,,,,,,,,,,,,,,,,,,,,,"KSh 108,000","KSh 103,000"
2024-09-28,21:06:54,Samsung Galaxy Z Fold 6,0 Reviews,IN STOCK,12GB,"256GB, 512GB, 1TB","4,4000mAh",50MP + 10MP + 12MP,4MP,7.6 inches Super AMOLED display (unfolded); 6.3-inches when folded,,Qualcomm SM8550-AC Snapdragon 8 Gen 3 (4 nm),"Dual SIM, 3G, 4G, 5G, Wi-Fi","Navy, Silver Shadow, Pink, Black, White",,Warranty,UAE / Dubai,N/A,Samsung,10MP,"Android 14, One UI 6.1.1",,,,,,,,,,,,,,,,,,,,,,,,,,,,,,,,,,,,,,,"KSh 162,000","KSh 198,000"
2024-09-28,21:07:01,Samsung Galaxy M55,0 Reviews,IN STOCK,8GB,,"5000 mAh, non-removable, 45W",,,,,,5G,,"Android 14, One UI 6.1",,,,Samsung,,,256GB,Qualcomm SM7450-AB Snapdragon 7 Gen 1 (4 nm),50MP + 8MP + 2MP,50MP,"2, A2DP, LE","Dark Blue, Light Green",,,,,,,,,,,,,,,,,,,,,,,,,,,,,,,,,"KSh 45,000","KSh 41,000"
2024-09-28,21:07:08,Samsung Galaxy A35 5G,,IN STOCK,8GB,256GB,"5,000 mAh",50MP + 8MP + 5MP,13MP,"6.6 inches, 120 Hz",,Exynos 1380 SoC,"Dual SIM, 2G, 3G, 4G, 5G, Wi-Fi","Iceblue, Lilac, Navy","Android 14, One UI 6.1,",Warranty,East Africa,SM-A356ELBMAFB,Samsung,,,,,,,,,,,,,,,,,,,,,,,,,,,,,,,,,,,,,,,,,"KSh 32,000","KSh 40,500"
2024-09-28,21:07:15,Samsung Galaxy A55 5G,0 Reviews,IN STOCK,8GB,"128 GB, 256GB","5,000 mAh",50 MP + 12MP + 5 MP,32MP,"6 inches, 120 Hz",,Exynos 1480 SoC,"Dual SIM, 2G, 3G, 4G, Wi-Fi","Iceblue, Lilac, Navy, Lemon","Android 14, One UI 6.1,",Warranty,East Africa,SM-A556ELBVAFB,Samsung,,,,,,,,,,,,,,,,,,,,,,,,,,,,,,,,,,,,,,,,,"KSh 42,000","KSh 46,500"
2024-09-28,21:07:22,Samsung Galaxy A25 5G,0 Reviews,IN STOCK,8GB,256GB,"5,000 mAh, 25W",50MP + 8MP + 2MP,13 MP,6.5 inch,,Octa-core Exynos 1280 (5 nm),"Dual SIM, 2G, 3G, 4G, 5G, Wi-Fi","Brave Black, Personality Yellow, Fantasy Blue, Optimistic Blue","Android 14, One UI 6",,,SM-A256EZKHAFC,Samsung,,,,,,,,,,,,,,,,,,,,,,,,,,,,,,,,,,,,,,,,,"KSh 27,500","KSh 30,500"
2024-09-28,21:07:29,Samsung Galaxy M15 4G,0 Reviews,IN STOCK,6,,"6,000mAh, 25W",,,6.5-inch Super AMOLED,,MediaTek Helio G99 SoC,4G,,,,,,Samsung,,Android 14-based One UI 6,128,,50MP + 5MP + 2MP,13MP,,,,,,,,,,,,,,,,,,,,,,,,,,,,,,,,,,,"KSh 26,000","KSh 25,000"
2024-09-28,21:07:36,Samsung Galaxy F15 5G,0 Reviews,IN STOCK,4/6GB,,"6000mAh, 25W",,,"6 inches, Super AMOLED",,"Octa-core, Mediatek Dimensity 6100+ (6 nm)",5G,,"Android 14, One UI 6",,,,Samsung,,,128GB,,50MP+5MP+2MP,"13 MP, f/2.0, (wide)",,,,,,,,,,,,,,,,,,,,,,,,,,,,,,,,,,,"KSh 26,500","KSh 23,500"
2024-09-28,21:07:43,Samsung Galaxy S24 5G,0 Reviews,IN STOCK,8GB,128GB / 256GB / 512GB/1TB,"4,000 mAh",50MP + 10MP + 12MP,12 MP (wide),"6.2 inch + Dynamic LTPO AMOLED 2X, 120Hz, HDR10+, 2600 nits (peak)",,Qualcomm Snapdragon 8 Gen 3 (4nm),"Dual SIM, 3G, 4G, 5G, Wi-Fi","Onyx Black, Marble Grey, Cobalt Violet, Amber Yellow, Jade Green, Sandstone Orange, Sapphire Blue","Android 14, One UI 6.1",Warranty,UAE / Dubai,SM-S921,Samsung,,,,,,,,,,,,,,,,,,,,,,,,,,,,,,,,,,,,,,,,,"KSh 95,500","KSh 87,000"
2024-09-28,21:07:50,Samsung Galaxy S24 Plus,0 Reviews,IN STOCK,12GB,256 / 512GB,4900mAh,50 MP + 10 MP + 12 MP,12 MP,"6.7 inch, AMOLED, 120Hz",,Snapdragon 8 Gen 3 / Exynos 2400,"Dual sim, 2G, 3G, 4G, 5G","Onyx Black, Marble Grey, Cobalt Violet, Amber Yellow, Jade Green, Sandstone Orange, Sapphire Blue","Android 14, One UI 6.1",,East Africa,SM-S926,Samsung,,,,,,,,,,,,,,,,,,,,,,,,,,,,,,,,,,,,,,,,,"KSh 107,000","KSh 102,000"
2024-09-28,21:07:57,Samsung Galaxy S24 Ultra,2 Reviews,IN STOCK,12GB,"256GB, 512GB, 1TB",5000 mAh,200MP + 50MP + 10MP + 10MP,12 MP,6.8 inch + 120Hz AMOLED display,,Qualcomm Snapdragon 8 Gen 3,"Dual SIM, 3G, 4G, 5G, Wi-Fi","Titanium Black, Titanium Gray, Titanium Violet, Titanium Yellow, Titanium Blue, Titanium Green, Titanium Orange","Android 14, One UI 6.1",Warranty,UAE / Dubai,SM-S928UZKEXAA,Samsung,,,,,,,,,,"Samsung Galaxy S24 Ultra KSh 128,000 KSh 120,000",,,,,,,,,,,,,,,,,,,,,,,,,,,,,,,"KSh 128,000","KSh 120,000"
2024-09-28,21:08:03,Samsung Galaxy A25 4G,0 Reviews,,"6GB, 8GB",128GB,"5,000 mAh, 25W",50MP + 5MP + 2MP,13 MP,6.5 inches,,Mediatek Helio G99 (6nm),"Dual SIM, 2G, 3G, 4G, Wi-Fi","Black, Lime Green, Blue gradient, Dark red","Android 13, upgradable to Android 14, One UI 6",,,,Samsung,,,,,,,,,,,,,,,,,,,,,,,,,,,,,,,,,,,,,,,,,"KSh 37,500",
2024-09-28,21:08:09,Samsung Galaxy A15 4G,2 Reviews,IN STOCK,"4GB, 6GB","64GB, 128GB","5,000 mAh",50MP + 5MP + 2MP,13 MP,6.4 inch,,Mediatek Helio G99 (6nm),"Dual SIM, 2G, 3G, 4G, Wi-Fi","Black, Personality Yellow, Fantasy Blue, Optimistic Blue",Android 14,,,N/A,Samsung,,,,,,,,,,,,,,,,,,,,,,,,,,,,,,,,,,,,,,,,,"KSh 18,500","KSh 24,000"
2024-09-28,21:08:18,Samsung Galaxy A54 5G,0 Reviews,IN STOCK,8GB,256GB,"5,000 mAh",50 MP + 12MP + 5 MP,32MP,"6.46 inches, 120 Hz",,Exynos 1380,"Dual sim, 2G, 3G, 4G, Wi-Fi","Lime, Graphite, Violet, White","Android 13, One UI 5.1",,,,Samsung,,,,,,,,,,,,,,,,,,,,,,,,,,,,,,,,,,,,,,,,,"KSh 47,000","KSh 46,500"
2024-09-28,21:08:25,Samsung Galaxy A24,0 Reviews,IN STOCK,"6GB,",128GB,"5000 mAh, 25W wired",50 MP + 5 MP + 2 MP,13 MP,"6.5 inches, AMOLED, 90Hz",,Mediatek Helio G99,"Dual sim, 3G, 4G, Wi-Fi","Black, Lime Green, Blue gradient, Dark Red","Android 13, One UI 5.1",,,,Samsung,,,,,,,,,,,,,,,,,,,,,,,,,,,,,,,,,,,,,,,,,"KSh 27,500","KSh 27,000"
2024-09-28,21:08:42,Samsung Galaxy A34 5G,2 Reviews,IN STOCK,6GB,128GB,"5,000 mAh with 25W charging",48 MP + 8 MP + 5 MP,13 MP,"6.6 inch, AMOLED, 120Hz",,MediaTek Dimensity 1080,"Dual sim, 3G, 4G, 5G","Lime, Graphite, Violet, Silver","Android 13, One UI 5.1",Warranty,UAE / Dubai,N/A,Samsung,,,,,,,,,,,,,,,,,,,,,,,,,,,,,,,,,,,,,,,,,"KSh 32,000","KSh 36,000"
2024-09-28,21:08:59,Samsung Galaxy S23 FE 5G,3 Reviews,IN STOCK,8GB,256GB,"4,500 mAh",50MP + 8MP + 12MP,12 MP,"6.4 inch, 120Hz AMOLED",,"Exynos 2200 International, Snapdragon 8 Gen 1 – USA","Dual sim, 2G, 3G, 4G, 5G, Wi-Fi","Mint, Cream, Graphite, Purple, Indigo and Tangerine","Android 13, One UI 5.1",Warranty,UAE / Dubai,N/A,Samsung,,,,,,,,,,,,,,,,,,,,,,,,,,,,,,,,,,,,,,,,,"KSh 68,000","KSh 63,000"
2024-09-28,21:09:16,Samsung Galaxy A05,0 Reviews,IN STOCK,4GB,64/128GB,"5,000 mAh",50 MP + 2 MP,8 MP,"6.7 inch, LCD, 90Hz",,Snapdragon 680 4G,"Dual SIM, 2G, 3G, 4G","Black, Silver, Light Green",Android 13,,,N/A,Samsung,,,,,,,,,,,,,,,,,,,,,,,,,,,,,,,,,,,,,,,,,"KSh 13,200","KSh 14,500"
2024-09-28,21:09:35,Samsung Galaxy A05s,3 Reviews,IN STOCK,4GB,128GB,5000 mAh,50 MP + 2 MP+ 2 MP,13 MP,"6.7 inch, LCD, 90Hz",,Snapdragon 680 4G,"Dual sim, 2G, 3G, 4G","Black, Silver, Light Green, Violet",Android 13,Warranty,East Africa,SM-A057FLVDAFC,Samsung,,,,,,,,,,,,,,,,,,,,,,,,,,,,,,,,,,,,,,,,,"KSh 14,500","KSh 16,000"
2024-09-28,21:09:53,Samsung Galaxy Z Flip 5,0 Reviews,IN STOCK,8 GB,"256GB, 512GB","3700 mAh, 25W",12 MP + 12 MP,10 MP,"6.7 inch, AMOLED, 120Hz","3.4 inch, AMOLED",Qualcomm Snapdragon 8 Gen 2,"Dual sim, 3G, 4G, 5G, VoLTE, Wi-Fi","Icy Blue, Phantom Black, Cream, Gray, Blue","Android 13, One UI 5.1.1",Warranty,UAE / Dubai,N/A,Samsung,,,,,,,,,,,,,,,,,,,,,,,,,,,,,,,,,,,,,,,,,"KSh 79,500","KSh 88,500"
2024-09-28,21:10:00,Samsung Galaxy Z Fold 5,0 Reviews,IN STOCK,12 GB,"256GB, 512GB","4,400 mAh",,,"7.6 inch, AMOLED, 120Hz","6.2 inch, AMOLED, 120Hz",Qualcomm Snapdragon 8 Gen 2,"Dual sim, 3G, 4G, 5G, VoLTE, Wi-Fi","Phantom Black, Cream, Icy Blue","Android 13, One UI 5.1.1",Warranty,UAE / Dubai,N/A,Samsung,,,,,,,,,,,50MP + 12MP+ 10MP,4MP,10MP,,,,,,,,,,,,,,,,,,,,,,,,,,,,"KSh 138,000","KSh 147,000"
2024-09-28,21:10:07,Samsung Galaxy F34 5G,0 Reviews,IN STOCK,"6GB,",,"6,000 mAh",,,"6.5-inch, Super AMOLED, 120Hz, 1000 nits (peak)",,Exynos 1280 (5 nm),"Dual SIM, 5G, Wi-Fi","Electric Black, Mystic Green","Android 13, One UI 5.1",,,,Samsung,,,,,,,,,,,,,,128GB,50MP + 8MP + 2MP,"13 MP, f/2.2, (wide)",This product has no local warranty,,,,,,,,,,,,,,,,,,,,,,,,"KSh 29,000","KSh 26,000"
2024-09-28,21:10:25,Samsung Galaxy F14,0 Reviews,IN STOCK,6GB,128GB,"6,000mAh 25w fast charging",5oMP + 2MP,13MP,6 inches,,Exynos 1330 (5nm),"Dual SIM, up to 5G Connectivity","Black, Green and Purple","Android 13, One UI Core 5.1",,,,Samsung,,,,,,,,,,,,,,,,,,,,,,,,,,,,,,,,,,,,,,,,,"KSh 35,000","KSh 18,500"
2024-09-28,21:10:45,Samsung Galaxy M14 5G,0 Reviews,IN STOCK,6GB,128GB,"6,000 mAh",50MP + 2MP + 2MP,13 MP,6.6 inch,,"Octa-core, Exynos 1330 (5nm)","Dual SIM, 2G, 3G, 4G, 5G, Wi-Fi","Navy Blue, Light Blue, Silver","Android 13, One UI 5.1",,,N/A,Samsung,,,,,,,,,,,,,,,,,,,,,,,,,,,,,,,,,,,,,,,,,"KSh 17,000","KSh 22,000"
2024-09-28,21:11:03,Samsung Galaxy M34 5G,0 Reviews,IN STOCK,"6GB,",,"6,000 mAh",,,"6.5-inch, Super AMOLED, 120Hz, 1000 nits (peak)",,Exynos 1280 (5 nm),"Dual SIM, 5G, Wi-Fi","Midnight Blue, Prism Silver, Waterfall Blue","Android 13, One UI 5.1",,,,Samsung,,,,,,,,,,,,,,128GB,50MP + 8MP + 2MP,"13 MP, f/2.2, (wide)",This product has no local warranty,,,,,,,,,,,,,,,,,,,,,,,,"KSh 40,000","KSh 24,500"
2024-09-28,21:11:25,Samsung Galaxy M54 5G,0 Reviews,IN STOCK,8 GB,256GB,"5,000 mAh",108MP+8MP+2MP,32 MP,"6.7 inches, AMOLED Plus, 120Hz",,Exynos 1380,"Dual sim, 2G, 3G, 4G, 5G, Wi-Fi","Dark Blue, Silver","Android 13, One UI 5.1",,,,Samsung,,,,,,,,,,,,,,,,,,,,,,,,,,,,,,,,,,,,,,,,,"KSh 42,000","KSh 40,000"
2024-09-28,21:12:00,Samsung Galaxy F04,0 Reviews,IN STOCK,4GB,64GB,5000 mAh,13 MP + 2 MP,5 MP,6.5 inch,,MediaTek Helio P35,"Dual sim, 2G, 3G","Black, Copper, Light Blue","Android 12, One UI Core 4.1",,,,Samsung,,,,,,,,,,,,,,,,,,,,,,,,,,,,,,,,,,,,,,,,,"KSh 17,500","KSh 14,500"
2024-09-28,21:12:21,Samsung Galaxy S23 Ultra 5G,0 Reviews,IN STOCK,12GB,256GB/512GB,"5,000 mAh",200MP + 12MP + 10MP + 10MP,12 MP,6.8 inch + 120Hz AMOLED display,,Snapdragon 8 Gen2,"Dual sim, 2G, 3G, 4G, 5G, Wi-Fi","Phantom Black, Cream, Green, Lavender","Android 13, One UI 5.1",Warranty,UAE / Dubai,N/A,Samsung,,,,,,,,,,,,,,,,,,,,,,,,,,,,,,,,,,,,,,,,,"KSh 97,000","KSh 108,000"
2024-09-28,21:12:41,Samsung Galaxy S23 Plus 5G,0 Reviews,IN STOCK,8GB,256GB,4700 mAh,50 MP + 12 MP + 10 MP,12MP,6.6 inch,,Snapdragon 8 Gen2,"Dual sim, 2G, 3G, 4G, 5G","Phantom Black, Cream, Green, Lavender","Android 13, One UI 5.1",Warranty,UAE / Dubai,N/A,Samsung,,,,,,,,,,,,,,,,,,,,,,,,,,,,,,,,,,,,,,,,,"KSh 118,000","KSh 150,000"
2024-09-28,21:12:58,Samsung Galaxy S23 5G,0 Reviews,IN STOCK,8GB,256GB,3900 mAh,50MP + 12MP + 10MP,12 MP,6.1 inch + 120Hz AMOLED display,,Snapdragon 8 Gen2,"Dual sim, 2G, 3G, 4G, 5G, Wi-Fi","Phantom Black, Cream, Green, Lavender","Android 13, One UI 5.1",,,N/A,Samsung,,,,,,,,,,,,,,,,,,,,,,,,,,,,,,,,,,,,,,,,,"KSh 85,000","KSh 83,000"
2024-09-28,21:13:14,Samsung Galaxy A04e,0 Reviews,IN STOCK,3GB,32/ 64GB,5000 mAh,13 MP + 2 MP,5 MP,6.5 inch,,MediaTek Helio G35,"Dual sim, 2G, 3G","Black, Copper, Light Blue","Android 12, One UI Core 4.1",,,,Samsung,,,,,,,,,,,,,,,,,,,,,,,,,,,,,,,,,,,,,,,,,"KSh 13,000","KSh 12,000"
2024-09-28,21:13:22,Samsung Galaxy M04,0 Reviews,IN STOCK,4GB,64GB,5000 mAh,13MP + 2 MP,5 MP,6.5 inch,,Mediatek Helio P35 (12nm),"Dual sim, 2G, 3G, 4G","Sea Glass Green, Shadow Blue","Android 12, One UI Core 4.1",,,,Samsung,,,,,,,,,,,,,,,,,,,,,,,,,,,,,,,,,,,,,,,,,"KSh 16,000","KSh 15,500"
2024-09-28,21:13:29,Samsung Galaxy F13,0 Reviews,IN STOCK,4GB,"64GB, 128GB","6,000mAh",50MP + 5MP + 2MP,8 MP,6.6 inches,,Exynos 850 (8nm),"Dual SIM, Up to 4G Connectivity","Waterfall Blue, Sunrise Copper, and Nightsky Green","Android 12, One UI Core 4.1",,,N/A,Samsung,,,,,,,,,,,,,,,,,,,,,,,,,,,,,,,,,,,,,,,,,"KSh 16,500","KSh 20,500"
2024-09-28,21:13:35,Samsung Galaxy Z Fold 4,0 Reviews,IN STOCK,12 GB,"256GB, 512GB","4,400 mAh",,,7.6 inch,6.2 inch,Qualcomm Snapdragon 8+ Gen 1,"Dual sim, 3G, 4G, 5G, VoLTE, Wi-Fi","Stalwart Phantom Black, Beige, Gray-green","Android 12L, One UI 4.1.1",,,,Samsung,,,,,,,,,,,50MP + 12MP+ 10MP,4MP,10MP,,,,,,,,,,,,,,,,,,,,,,,,,,,,"KSh 190,000","KSh 140,500"
2024-09-28,21:13:41,Samsung Galaxy M13 4G,,IN STOCK,6GB,128GB,5000 mAh,50MP + 5MP + 2MP,8 MP,6.6 inch,,Exynos 850 (8nm),"Dual sim, 2G, 3G, 4G, Wi-Fi","Deep Green, Orange Copper, Light Blue",Android 12,,,,Samsung,,,,,,,,,,,,,,,,,,,,,,,,,,,,,,,,,,,,,,,,,"KSh 27,500","KSh 26,000"
2024-09-28,21:13:47,Samsung Galaxy F23,0 Reviews,IN STOCK,6GB,128 GB,"5000 mAh, 25W",,,"6.6 inches, IPS LCD, 120Hz",,Qualcomm Snapdragon 750G 5G (8 nm),"Dual sim, 5G, Wi-Fi","Aqua Blue, Forest Green","Android 12, One UI 4.1",,,SM-E236B,Samsung,,,,,50MP + 8MP + 2MP,,,,,,,,,,,,,"8 MP, f/2.2, (wide)",,,,,,,,,,,,,,,,,,,,,,,"KSh 36,000","KSh 30,500"
2024-09-28,21:13:54,Samsung Galaxy S22 5G,0 Reviews,IN STOCK,8GB,256GB,"3,700 mAh",50 MP + 12 MP + 10 MP,10 MP,6.1 inch,,Qualcomm Snapdragon 8 Gen 1,"Dual sim, 2G, 3G, 4G, 5G","Phantom Black, Phantom White, Green, Pink Gold",Android 12,Warranty,UAE / Dubai,SM-S901B/DS,Samsung,,,,,,,,,,,,,,,,,,,,,,,,,,,,,,,,,,,,,,,,,"KSh 66,000","KSh 75,000"
2024-09-28,21:14:04,Samsung Galaxy S22 Ultra 5G,0 Reviews,IN STOCK,12GB,"256GB, 512GB",5000 mAh,108MP + 12MP + 10MP + 10MP,40 MP,6.8 inch + 120Hz AMOLED display,,Qualcomm Snapdragon 8 Gen 1,"Dual sim, 2G, 3G, 4G, 5G, Wi-Fi","Phantom Black, Phantom White, Green, Burgundy",Android 12,Warranty,UAE / Dubai,SM-S908EZKGAFA,Samsung,,,,,,,,,,,,,,,,,,,,,,,,,,,,,,,,,,,,,,,,,"KSh 105,000","KSh 112,000"
2024-09-28,21:14:24,Samsung Galaxy A03 Core,2 Reviews,IN STOCK,2GB,32GB,5000 mAh,8 MP,5 MP,6.5 inch,,Unisoc SC9863A (28nm),"Dual sim, 2G, 3G, 4G","Black, Blue",Android 11 (Go edition),,,SM-A032F/DS,Samsung,,,,,,,,,,,,,,,,,,,,,,,,,,,,,,,,,,,,,,,,,"KSh 16,500","KSh 12,800"
2024-09-28,21:14:45,Samsung Galaxy S21 FE 5G,0 Reviews,IN STOCK,8GB,256GB,4500 mAh,12 MP + 12 MP + 8 MP,32 MP,6.41 inch,,Exynos 2100,"Dual sim, 3G, 4G, 5G, VoLTE, Wi-Fi","White, Lavender, Graphite, Olive",Android 12,,,,Samsung,,,,,,,,,,,,,,,,,,,,,,,,,,,,,,,,,,,,,,,,,"KSh 65,000","KSh 59,000"
2024-09-28,21:26:54,Infinix XDM52 USB-A to Micro Cable,0 Reviews,IN STOCK,,,,,,,,,,,,,,,Infinix,,,,,,,,,,,,,,,,,,,1m,USB-A to Micro,2A,White,TPE fireproof material,,,,,,,,,,,,,,,,,,KSh 250,KSh 100
2024-09-28,21:36:17,Itel P65,0 Reviews,IN STOCK,4/6/8GB,,"5000mAh, 18W",,,"6.7-inch, IPS LCD",,,"4G, NFC, Bluetooth, Wi-Fi",,"Android 14, itel OS 14",,,,Itel,,,128/256GB,Unisoc T615 (12 nm),50MP+ Auxiliary Lens,8MP,,,,,,,,,,,,,,,,,,192.4g,,,,,,,,,,,,,,,,,"KSh 18,000","KSh 13,200"
2024-09-28,21:36:35,Itel RS4,0 Reviews,IN STOCK,"8GB, 12GB",,"5000mAh, 45W wired, bypass charging, 80% in 30 mins.",,,"6.56-inch, IPS LCD",,,"4G, NFC, Bluetooth, USB-C,",,Android 13,,,,,,,"128GB, 256GB",Mediatek Helio G99 Ultimate,50MP,8MP,,,,,,,,,,,,,,,,,,198g,,,,,,,,,,,,,,,,,"KSh 23,800",
2024-09-28,21:36:51,Itel A50,0 Reviews,IN STOCK,"2GB, 3GB, 4GB",,"5000mAh, 10W",,,,,,,,Android 14 (Go edition),,,,,,,"64GB, 128GB",Octa-core- Unisoc T603,8MP,5MP,,,,,,,,,,,,,,,,,,,163.9 x 75.7 x 8.7 mm,,,,,,,,,,,,,,,,"KSh 12,000","KSh 10,000"
2024-09-28,21:37:04,Itel Pad 1 Mini,0 Reviews,IN STOCK,2GB,,4000mAh,,5MP,,,,"4G, Wi-Fi and Bluetooth",,Android 13,,,,,,,,,5 MP,,,,,,,,,64GB,,,,,,,,,,,,8-inch TFT,,,,,,,,,,,,,,,"KSh 13,800","KSh 12,500"
2024-09-28,21:37:21,Itel S24,0 Reviews,IN STOCK,"4GB,",,"5000mAh, 18W",,,"6.6 inches, IPS LCD",,,4G,,Android 13,,,,,,,,MediaTek Helio G91 Ultra,108MP+0.08MP,8MP,,,,,,,,"128GB,",,,,,,,,,,,,,,,,,,,,,,,,,,,"KSh 17,000","KSh 15,500"
2024-09-28,21:37:37,Itel P55 5G,0 Reviews,IN STOCK,"4GB, 6GB",,"5000mAh, 18W",,,"6.6-inch IPS LCD, 90Hz",,,5G,"Galaxy Blue, Mint Green",Android 13,,,,,,,"128GB, 256GB",MediaTek Dimensity 6080,50MP + 0.08MP,8MP,,,,,,,,,,,,,,,,,,,,,,,,,,,,,,,,,,,"KSh 22,000",
2024-09-28,21:37:54,Itel P55+,0 Reviews,IN STOCK,"4GB, 8GB",,"5000mAh, 45W",,,"6.6-inch IPS LCD, 90Hz",,,4G,"Royal Green, Galaxy Blue, Meteor Purple",Android 13,,,,,,,"128GB, 256GB",Unisoc T606 (12 nm),50MP + 0.08MP,8MP,,,,,,,,,,,,,,,,,,,,,,,,,,,,,,,,,,,"KSh 16,500",
2024-09-28,21:38:09,Itel P55 4G,0 Reviews,IN STOCK,"4GB, 8GB",,"5000mAh, 18W.",,,,,Unisoc T606 chipset (12 nm),"4G, Bluetooth, Wi-Fi,",,,,,,,,,"128GB, 256GB",,,8MP,,,,,,,,,,,,,,,,,,,,,50MP + 0.08MP,,,,,,,,,,,,,,"KSh 15,500","KSh 12,500"
2024-09-28,21:38:23,Itel A18s,0 Reviews,IN STOCK,2GB + 2GB Virtual,32GB,"3,020mAh battery",,,5.5-inch IPS LCD display,,Octa-core,,,,,,,,,,,,,,,,,,,,,,,,,,,,,,,,,,,5MP sensor with LED flash,2MP sensor,Android 13 (Go Edition),Blue Black,,,,,,,,,,"KSh 9,000","KSh 8,600"
2024-09-28,21:38:41,Itel A70,0 Reviews,IN STOCK,"3GB, 4GB",,"5,000mAh",,,6.6-inches,,,,,,,,N/A,,,,"128GB, 256GB",,13MP + AI lens,8MP,,,,,,,,,,,,,,,,,,,,,,,,,,"Brilliant Gold, Starlish Black, Field Green, and Azure Blue",,,,,,,,,"KSh 12,300","KSh 14,500"
2024-09-28,21:38:55,Itel A05s,0 Reviews,IN STOCK,2GB,,"4,000 mAh",,,6.6 inches,,Octa-core (4×1.6 GHz Cortex-A55 & 4×1.2 GHz Cortex-A55),,"Meadow Green, Nebula Black","Android 12 (Go Edition, Itel OS 8.6 system)",,,,,,,,,,,,,,,,,,32GB,8 MP,5 MP,,,,,,,,,,,,,,,,,,,,,,,,,"KSh 12,000","KSh 10,500"
2024-09-28,21:39:11,Itel S23 Plus,0 Reviews,IN STOCK,"4GB, 8GB",,"5,000MP, 18W wired fast charging unit.",,,6.78 Inches,,,,"Black, Cyan",,,,N/A,,,,"128GB, 256GB",,50MP + 0.08MP,32MP,,,,,,,,,,,,,,,,,,,,,,,,,,,,,,,,,,,"KSh 23,000","KSh 25,500"
2024-09-28,21:39:24,Itel S23,0 Reviews,IN STOCK,"4GB, 8GB","128 GB, 256GB",5000mAh,50MP+ 0.08MP,5 MP,6.6 inches,,Unisoc T606 (12 nm),"Dual SIM, 4G, Wi-Fi","Starry Black, Mystery White",Android 12,,,,,,,,,,,,,,,,,,,,,,,,,,,,,,,,,,,,,,,,,,,,,"KSh 13,000","KSh 10,300"
2024-09-28,21:39:39,Itel A60s,0 Reviews,IN STOCK,4GB,64/128 GB,5000 mAh,8MP+QVGA,5 MP,6.6 inch,,Unisoc SC9863A1,"Dual sim, 4G, Wi-Fi","Shadow Black, Glacier Green, Moonlit Violet",Android 12,,,N/A,,,,,,,,,,,,,,,,,,,,,,,,,,,,,,,,,,,,,,,,,,"KSh 13,000","KSh 16,000"
2024-09-28,21:39:54,Itel A18,0 Reviews,IN STOCK,1GB,,2400 mAh,,,5.0 inches,,Quad-core Processor,,Morion Grey,Android 11 (Go Edition),,,,,,,,,,,,,,,,,,32GB,5 MP + QVGA,0.3 MP,,,,,,,,,,,,,,,,,,,,,,,,,"KSh 7,400","KSh 7,200"
2024-09-28,21:40:08,itel KidPad 1,0 Reviews,IN STOCK,1GB,,"4,000 mAh",,,7.0 inches,,"1.3 GHz, Quad-core","3G, Single-SIM",Blue,"Android 10, Go Edition",,,,,,,,,,,,,,,,,,32GB,5 MP,2 MP,,,,,,,,,,,,,,,,,,,,,,,,,"KSh 11,500","KSh 11,300"
2024-09-28,21:40:28,Nokia C22,0 Reviews,IN STOCK,4GB,,5000 mAh,,,6.52 inch,,Unisoc SC9863A (28nm),"Dual sim, 4G, Wi-Fi","Sand, Midnight Black",Android 13 (Go edition),,,,,,,,,,,,,,,,,,128GB,13MP+2MP,5 MP,,,,,,,,,,,,,,,,,,,,,,,,,"KSh 18,000","KSh 17,500"
2024-09-28,21:40:43,Nokia C32,0 Reviews,IN STOCK,", 4GB",,"5,000 mAh",,,,,Unisoc SC9863A1 (22nm),,,,,,,,,Android 13,,,50MP + 2MP,,,,,,,,,"64GB,",,,,,,,,"Charcoal, Autumn Green, Beach Pink",,,,,,,,,,,4G,"6.5 inches, IPS LCD",720 x 1600 pixels,8MP,,,,,"KSh 18,500","KSh 18,300"
2024-09-28,21:40:58,Nokia T21,0 Reviews,IN STOCK,4GB,,"8,200 mAh",8 MP,8 MP,10.4 inch,,"Octa-core, Unisoc Tiger T612 (12 nm)","Nano SIM, 2G, 3G, 4G, Wi-Fi",Charcoal Grey,Android 12,,,,,,,,,,,,,,,,,,64 GB / 128GB,,,,,,,,,,,,,,,,,,,,,,,,,,,"KSh 38,500","KSh 28,500"
2024-09-28,21:41:12,Nokia G22,0 Reviews,IN STOCK,4GB,128GB,"5,050mAh; 20W wired, PD3.0",,,"5 inches, IPS LCD",,"Octa-core, Unisoc T606 (12 nm)","Bluetooth v5.0, Wifi 8, FM Radio, 4G",,Android 12,,,,,,,,,50MP + 2MP + 2MP,"8 MP, f/2.0, (wide)",,,,,,,,,,,,,,,,,,,,,,,,,,,,,"720 x 1600 pixels, 20:9 ratio (~270 ppi density)",,,,,,"KSh 24,500","KSh 19,500"
2024-09-28,21:41:28,Nokia G60 5G,0 Reviews,IN STOCK,"4GB, 6GB","64GB, 128GB",4500 mAh,50MP+5MP+ 2MP,8 MP,6.58-inches,,Qualcomm Snapdragon 695 5G (6 nm),"Hybrid Dual SIM, 5G Band","Pure Black, Ice Gray",Android 12,,,,,,,,,,,,,,,,,,,,,,,,,,,,,,,,,,,,,,,,,,,,,"KSh 34,500","KSh 30,500"
2024-09-28,21:41:43,Nokia X30 5G,0 Reviews,IN STOCK,8GB,256GB,4200 mAh,50MP+13MP,16 MP,6.43-inches,,Qualcomm Snapdragon 695 5G,"dual SIM, 4G Band","Cloudy Blue, Ice White",Android 12,,,,,,,,,,,,,,,,,,,,,,,,,,,,,,,,,,,,,,,,,,,,,"KSh 65,000","KSh 58,500"
2024-09-28,21:41:58,Nokia C21 Plus,0 Reviews,,2GB,,"4,000mAh",,,6.52 inch,,Unisoc SC9863A,"Dual sim, 4G, Wi-Fi","Dark Cyan, Warm Gray",Android 11 (Go edition),,,,,,,,,,,,,,,,,,64GB,13MP + 2MP,5 MP,,,,,,,,,,,,,,,,,,,,,,,,,"KSh 15,000","KSh 13,200"
2024-09-28,21:45:41,Oppo A58 4G,0 Reviews,IN STOCK,8GB,,"5,000 mAh with 33W Fast Charging",,,"6.72 inch, IPS LCD, 90Hz",,"Octa-core, Mediatek MT6769 Helio G85 (12nm)","Dual sim, 4G, Wi-Fi",,"Android 13, ColorOS 13.1",,,,,,,,,50MP + 2MP,8MP,,,,,,,,128GB,,,,,,,,,,,,,,,,,,"Glowing Black, Dazzling Green",,,,,,,,,"KSh 27,000",
2024-09-28,21:45:51,Oppo A98 5G,0 Reviews,IN STOCK,8GB,,"5,000 mAh",,,"6.43 inch, IPS LCD, 120Hz",,Qualcomm Snapdragon 695 5G,"Dual sim, 4G, 5G, Wi-Fi","Cool Black, Dreamy Blue, Bold Gold","Android 13, ColorOS 13.1",,,,,,,,,,,,,,,,,,256GB,64MP + 2MP+ 2MP,32MP,,,,,,,,,,,,,,,,,,,,,,,,,"KSh 45,500","KSh 39,500"
2024-09-28,21:46:00,Oppo A78 4G,0 Reviews,IN STOCK,8GB,,"5,000 mAh, 67W",,,,,Qualcomm SM6225 Snapdragon 680 4G (6 nm),"Dual sim, 4G, Wi-Fi","Mist Black, Aqua Green","Android 13, ColorOS 13.1",,,,,,,,,,,,,,,,,,256GB,50MP + 2MP,8MP,,,,,,,,,,,,,,,,,,,,,,,,,"KSh 35,000","KSh 32,500"
2024-09-28,21:46:10,Oppo A38,0 Reviews,IN STOCK,4/6GB,,5000 mAh,,,"6.56 inch, IPS LCD, 90Hz",,Mediatek Helio G85,"Dual sim, 4G, 5G, Wi-Fi","Glowing Black, Glowing Gold","Android 13, ColorOS 13.1",No Local Warranty,UAE / Dubai,N/A,,,,,,,,,,,,,,,128GB,50MP + 2MP,5MP,,,,,,,,,,,,,,,,,,,,,,,,,"KSh 19,500","KSh 18,500"
2024-09-28,21:46:20,Oppo Reno 10 5G,0 Reviews,IN STOCK,8GB,,"5000 mAh, 67W",,,"6.7 inch, AMOLED,120Hz",,Mediatek  Dimensity 7050,"Dual sim, 3G, 4G, 5G","Silvery Grey, Ice Blue","Android 13, ColorOS 13",,,,,,,,,,,,,,,,,,"128GB, 256GB",64MP + 32MP + 8MP,32MP,,,,,,,,,,,,,,,,,,,,,,,,,"KSh 58,000","KSh 55,000"
2024-09-28,21:46:32,Oppo Reno 10 Pro 5G,0 Reviews,IN STOCK,12GB,,"4,600 mAh, 80W",,,"6.74 inch, AMOLED, 120Hz",,Qualcomm Snapdragon 778G 5G,"Dual SIM, 2G, 3G, 4G, 5G","Silvery Grey, Glossy Purple","Android 13, ColorOS 13",,,,,,,,,,,,,,,,,,256GB,50MP + 32MP + 8MP,32MP,,,,,,,,,,,,,,,,,,,,,,,,,"KSh 68,000","KSh 65,000"
2024-09-28,21:46:41,Oppo A58,0 Reviews,IN STOCK,"6GB, 8GB",,"5000 mAh, 33W",,,"6.72 inch, IPS LCD, 90Hz",,MediaTek Helio G85,"Dual sim, 4G, Wi-Fi","Glowing Black, Dazzling Green","Android 13, ColorOS 13.1",,,N/A,,,,,,50MP + 2MP,,,,,,,,,128GB,,8MP,,,,,,,,,,,,,,,,,,,,,,,,,"KSh 28,000","KSh 27,000"
2024-09-28,21:53:01,Realme Note 50,0 Reviews,IN STOCK,"3GB, 4GB",,"5,000 mAh",,,"6.74 inches, IPS LCD, 90Hz",,Unisoc Tiger T612 (12 nm),"Dual SIM, 4G, Wi-Fi","Sky Blue, Midnight Black","Android 13, Realme UI T",,,N/A,,,,,,,,,,,,,,,"64GB, 128GB, 256GB",13 MP + 0.03 MP,5 MP,,,,,,,,,,,,,,,,,,,,,,,,,"KSh 15,500","KSh 13,500"
2024-09-28,21:53:14,Realme C67 4G,0 Reviews,IN STOCK,"8GB, 256GB",,"5,000 mAh, non-removable",,,"6.72 inches, IPS LCD",,,4G,,,,,,,,,128GB,Qualcomm Snapdragon 685,108MP + 2MP,8 MP,,,,,,,,,,,,,,,,,,,,,,,,,,,,,,,,,,,"KSh 28,000","KSh 26,000"
2024-09-28,21:53:26,Realme C51,0 Reviews,IN STOCK,4GB,,"5,000 mAh, 33W wired",,,"6.74 inches, IPS LCD, 90Hz",,Unisoc Tiger T612,"Dual SIM, 4G, Wi-Fi",Mint Green and Carbon Black,"Android 13, Realme UI T",,,,,,,,,,,,,,,,,,128GB,50 MP + 0.03 MP,5 MP,,,,,,,,,,,,,,,,,,,,,,,,,"KSh 19,800","KSh 16,000"
2024-09-28,21:53:37,Realme C53,0 Reviews,IN STOCK,"6GB,8GB",,"5000 mAh, 33W wired,",,,"6.72 inches, IPS LCD, 90Hz",,Unisoc Tiger T612,"Dual sim, 4G, Wi-Fi","Champion Gold, Mighty Black","Android 13, Realme UI T",,,,,,,,,,,,,,,,,,"128GB, 256GB",50 MP + 2 MP,8 MP,,,,,,,,,,,,,,,,,,,,,,,,,"KSh 24,000","KSh 21,000"
2024-09-28,21:53:50,Realme 10,0 Reviews,IN STOCK,8GB,,"5,000 mAh, 33W Wired fast charger",,,"6.4 inches, Super AMOLED, 90Hz",,MediaTek Helio G99,"Dual SIM, 4G, Wi-Fi",White and Blue,"Android 12, Realme UI 3.0",,,,,,,,,,,,,,,,,,256GB,50MP + 2 MP,"16 MP, f/2.5",,,,,,,,,,,,,,,,,,,,,,,,,"KSh 35,000","KSh 33,500"
2024-09-28,21:54:03,Realme C55,0 Reviews,IN STOCK,"6GB, 8GB",,5000 mAh,,,"6.72 inches, IPS LCD, 90Hz",,Mediatek Helio G88,"Dual sim, 4G, Wi-Fi","Sun Shower, Rainy Night, Rainforest","Android 13, Realme UI 4.0",,,N/A,,,,,,,,,,,,,,,"128GB, 256GB",64 MP + 2 MP,8 MP,,,,,,,,,,,,,,,,,,,,,,,,,"KSh 29,500","KSh 28,500"
2024-09-28,21:54:16,Realme C30s,,IN STOCK,"2GB, 3GB, 4GB",,"5,000 mAh",,,6.5 inch,,Unisoc Tiger T612 (12 nm),"Dual SIM, supporting up to 4G","Stripe Blue, Stripe Black",Android 11,,,N/A,,,,"32GB, 64GB",,8MP,,,,,,,,,,,,,5MP,,,,,,,,,,,,,,,,,,,,,,,"KSh 11,500","KSh 12,500"
2024-09-28,21:54:29,Realme Pad Wi-Fi Only,0 Reviews,IN STOCK,3GB,32GB,"7100 mAh, 18W",8 MP,"8 MP, 105˚ (ultrawide)","10.4 inches, IPS LCD",,Mediatek MT6769V/CU Helio G80,"4G, Nano-SIM, Wi-Fi","Gray, Gold",Android 11,,,RMP2102-1,,,,,,,,,,,,,,,,,,,,,,,,,,,,,,,,,,,,,,,,,,"KSh 22,000","KSh 20,800"
2024-09-28,21:54:44,Realme Pad,0 Reviews,IN STOCK,"3GB, 4GB, 6GB","32GB, 64GB, 128GB","7100 mAh, 18W",8 MP,"8 MP, 105˚ (ultrawide)","10.4 inches, IPS LCD",,Mediatek MT6769V/CU Helio G80,"4G, Nano-SIM, Wi-Fi","Gray, Gold",Android 11,,,RMP2102,,,,,,,,,,,,,,,,,,,,,,,,,,,,,,,,,,,,,,,,,,"KSh 26,000","KSh 22,000"
2024-09-28,21:58:26,Tecno Spark 20,0 Reviews,IN STOCK,8GB,,"Li-Po 5,000 mAh, 18W",,,"6.56-inch, IPS LCD, 90Hz",,Octa-core Mediatek MT6769Z Helio G85 (12nm),,,Android 13,,,N/A,Tecno,,,256GB,,"50 MP, f/1.6, (wide), 0.64µm, PDAF",32MP,,,,,,,,,,,,,,,,,,,,,,,,,,,,,"720 x 1612 pixels, 20:9 ratio (~267 ppi density)",,,,,,"KSh 16,500","KSh 19,500"
2024-09-28,21:58:41,Tecno Spark 20C,0 Reviews,IN STOCK,"3GB, 4GB",,"Li-Po 5000 mAh, 18W",,,"6-inch, IPS LCD, 90Hz",,Octa-core MediaTek,,,Android 13,,,,Tecno,,,128GB,,50MP + 0.08MP,8MP,,,,,,,,,,,,,,,,,,,,,,,,,,,,,720 x 1612 pixels,,,,,,"KSh 17,000","KSh 16,000"
2024-09-28,21:58:55,Tecno Pop 8,0 Reviews,IN STOCK,"3GB, 4GB",,"5,000 mAh",,,"6.6 inches, IPS LCD",,Octa-core Unisoc T606 (12 nm),"Dual SIM, 4G, Wi-Fi","Mystery White, Alpenglow Gold, Magic Skin, Gravity Black",Android 13 (Go edition),,,N/A,Tecno,,,"64 GB, 128GB",,,,,,,,,,,,13 MP + 0.08 MP,8 MP,,,,,,,,,,,,,,,,,,,,,,,,,"KSh 12,500","KSh 11,800"
2024-09-28,21:59:28,Tecno Camon 20 Pro 5G,0 Reviews,IN STOCK,8 GB,256GB,"5000 mAh, 33W wired",,,"6.67 inches, AMOLED, 120Hz",,Mediatek Dimensity 8050,"Dual Sim, 3G, 4G, 5G, Wi-Fi","Black, Blue","Android 13, HIOS 13",,,,Tecno,,,,,64MP + 2MP + 2MP,,,,,,,,,,,,,32MP,,,,,,,,,,,,,,,,,,,,,,,"KSh 30,500","KSh 27,500"
2024-09-28,21:59:45,Tecno Camon 20 Premier 5G,0 Reviews,IN STOCK,8 GB,512  GB,5000 mAh,108 MP + 50 MP + 2 MP,32 MP,"6.67 inches, AMOLED, 120Hz",,Mediatek Dimensity 8050 (6 nm),"Dual sim, 3G, 4G, 5G, Wi-Fi","Dark Welkin, Serenity Blue","Android 13, HIOS 13",,,,Tecno,,,,,,,,,,,,,,,,,,,,,,,,,,,,,,,,,,,,,,,,,"KSh 55,000","KSh 47,000"
2024-09-28,22:00:00,Tecno Camon 20 Pro 4G,,,8 GB,"128GB, 256GB","5000 mAh, 33W wired",,,"6.67 inches, AMOLED, 120Hz",,Mediatek Helio G99,"Dual Sim, 3G, 4G, Wi-Fi","Predawn Black, Serenity Blue, Doodle edition","Android 13, HIOS 13",,,,Tecno,,,,,64MP + 2MP + 2MP,,,,,,,,,,,,,32MP,,,,,,,,,,,,,,,,,,,,,,,"KSh 45,000","KSh 29,500"
2024-09-28,22:00:26,Tecno Pop 7,0 Reviews,IN STOCK,2GB,,5000 mAh,,,6.6 inches,,Mediatek MT6761 Helio A22,"Dual sim, 4G, Wi-Fi","Endless Black, Capri Blue","Android 12, HIOS 12",,,,Tecno,,,,,,,,,,,,,,64 GB,8 MP + QVGA,5 MP,,,,,,,,,,,,,,,,,,,,,,,,,"KSh 14,500","KSh 12,000"
2024-09-28,22:01:48,Vivo Y28 4G,0 Reviews,IN STOCK,"6GB, 8GB.","128GB, 256GB; expandable via microSD card (shared)","6,000 mAh, 44W charging",,,"6.68 inches, IPS LCD",,Mediatek Helio G85 (12 nm),"Dual SIM, 4G, Wi-Fi, Bluetooth, GPS","Agate Green, Gleaming Orange","Android 14, Funtouch 14",,,N/A,,,,,,,,,,,,,,,,"50MP + 2MP rear, 8MP front lens",,,,,,,,,,,,,,,,,,,,,,"USB Type-C, OTG",,,,"KSh 22,500","KSh 24,800"
2024-09-28,22:02:03,Vivo Y18 4G,0 Reviews,IN STOCK,4/6/8 GB,128GB/256GB,,50 MP + 0.08 MP,8 MP,"6.56 inches, IPS LCD, 840 nits (HBM)",,,"Dual SIM, 3G, 4G, Wi-Fi","Mocha Brown, Wave Aqua","Android 14, Funtouch 14",,,N/A,,,,,Mediatek Helio G85 (12 nm),,,,,,,,,,,,,,,,,,,,,,,,,,,,,,,,,,,,,"KSh 20,000","KSh 18,500"
2024-09-28,22:02:18,Vivo Y03,0 Reviews,IN STOCK,4GB,"64GB, 128GB","5,000mAh, 15W charging",,,"6.56 inches, IPS LCD",,Mediatek Helio G85 (12nm),"Dual SIM, 4G, Wi-Fi, Bluetooth, GPS","Space Black, Gem Green","Android 14, Funtouch 14",,,N/A,,,,,,,,,,,,,,,,"13MP + 0.08MP rear, 5MP front lens",,,,,,,,,,,,,,,,,,,,,,"USB Type-C, OTG",,,,"KSh 13,700","KSh 15,500"
2024-09-28,22:02:30,Vivo V30 Lite,0 Reviews,IN STOCK,16GB RAM (8GB + 8GB ),,5000 mAh – Type C 80W,,,"1 Billion Colors, 1300 nits",,685 Snapdragon® (6nm),,,,,,,,,,,,,,,,,,50MP Wide OIS + 8MP Ultra Wide,,,256GB ROM,,,,Selfie Group 50MP,,,,"Breeze Green, Crystal Black",,,,,,,,,,,,,,,,6.67” AMOLED – 2400×1080,"60 Hz, 120 Hz",In-display Optical Fingerprint Sensor,"KSh 35,500","KSh 33,500"
2024-09-28,22:02:45,Vivo V30 5G,0 Reviews,IN STOCK,"8GB, 12GB",,"5,000 mAh, non-removable",,,"6.78 inches, AMOLED",,,5G,,,,,,,,,"128GB, 256GB, 512GB",Qualcomm Snapdragon 7 Gen 3 (4 nm),50MP + 50MP,50 MP,,,,,,,,,,,,,,,,,,,,,,,,,,,,,,,,,,,"KSh 62,500","KSh 58,000"
2024-09-28,22:02:57,Vivo Y27s,0 Reviews,IN STOCK,8 GB,128GB/256GB,"5,000 mAh",50 MP + 2 MP,8 MP,"6.64 inches, IPS LCD, 600 nits (peak)",,Qualcomm SM6225 Snapdragon 680 4G (6 nm),"Dual SIM, 3G, 4G, Wi-Fi","Burgundy Black, Garden Green","Android 13, Funtouch 13.",,,,,,,,,,,,,,,,,,,,,,,,,,,,,,,,,,,,,,,,,,,,,"KSh 33,500","KSh 32,500"
2024-09-28,22:03:11,Vivo V29,,IN STOCK,12GB,256GB,"5,000 mAh",50 MP + 8 MP + 2MP,850MP,"6.78-inchAMOLED, 1B colors, 120Hz, HDR10+",,"Octa-core, Qualcomm SM7325 Snapdragon 778G 5G (6 nm)","Dual SIM, 3G, 4G, 5G, Wi-Fi","Space Black, Himalayan Blue, Purple Fairy, Majestic Red","Android 13, Funtouch 13.",,,,,,,,,,,,,,,,,,,,,,,,,,,,,,,,,,,,,,,,,,,,,"KSh 62,800","KSh 57,500"
2024-09-28,22:03:25,Vivo V29e,0 Reviews,IN STOCK,8 GB,256GB,"4,800 mAh",64MP + 8MP,50MP,"6.67-inch, AMOLED, 120Hz, 1150 nits (peak)",,"Octa-core, Qualcomm SM6375 Snapdragon 695 5G (6 nm)","Dual SIM, 3G, 4G, 5G, Wi-Fi","Forest Black, Rose Gold, Ice Creek Blue","Android 13, Funtouch 13.",,,,,,,,,,,,,,,,,,,,,,,,,,,,,,,,,,,,,,,,,,,,,"KSh 48,500","KSh 45,500"
2024-09-28,22:03:40,Vivo Y17s,0 Reviews,IN STOCK,6GB,128GB,"5,000 mAh",50 MP + 2 MP,8 MP,6.56 inches,,Octa-core Mediatek MT6769 Helio G85 (12nm),"Dual SIM, 3G, 4G, Wi-Fi","Glitter Purple, Forest Green","Android 13, Funtouch 13",,,,,,,,,,,,,,,,,,,,,,,,,,,,,,,,,,,,,,,,,,,,,"KSh 22,500","KSh 20,500"
2024-09-28,22:03:56,Vivo Y02t,0 Reviews,IN STOCK,4GB,64GB,"5,000 mAh",8MP,5MP,6.51 inches,,Octa-core Mediatek MT6765 Helio P35 (12nm),"Dual SIM, 3G, 4G, Wi-Fi","Orchid Blue, Cosmic Grey, Sunset Gold","Android 13, Funtouch 13",,,,,,,,,,,,,,,,,,,,,,,,,,,,,,,,,,,,,,,,,,,,,"KSh 18,000","KSh 17,200"
2024-09-28,22:04:13,Vivo Y35,0 Reviews,IN STOCK,8GB,128GB,5000 mAh,50 MP + 2 MP+ 2 MP,16 MP,6.58 inches,,Snapdragon 680 4G,"Dual SIM, 3G, 4G, Wi-Fi","Dawn Gold, Agate Black","Android 11, Funtouch 12",,,,,,,,,,,,,,,,,,,,,,,,,,,,,,,,,,,,,,,,,,,,,"KSh 29,999","KSh 26,500"
