Scrape Date,Scrape Time,productName,Reviews,Status,Display,RAM,Internal Storage,OS,Chipset,Main Camera,Selfie Camera,Connectivity,Battery,Brands,Main camera,Front camera,Cover display,Processor,Colors,Warranty Info,Region,SKU,Cover Camera,Operating System,Internal Memory,Bluetooth,Colorways,Tags,This item,Rear Camera,Inner Camera,Outer Camera,Storage,Camera,Selfie,NB,Front Camera,Dimensions,Network,ROM,Memory,Length,Type,Current,Color,Material,Call support,Water protection,Themes,Sports Modes,Microphones,ENC,Drivers,Controls,Equalizers,Fast Charging,Eartips,Weight,Size,ANC,Control,Dynamic Drivers,Waterproof Rating,Sensors,Water Resistance,Cord Length,In-ear Assistant,Google Assistant,Languages supported,g>y,Primary Camera,Rear camera,Selfie camera,Operating system,Colour,Colours,Display Size,Resolution,Secondary Camera,Mian Camera,Driver,Touch Controls,Waterproof,App,Breathtaking Hi-Res Audio,IP Rating,Mic,Water resistance,Dolby Support,Input,Output,Input AC frequency,Connection Type,Wireless Connectivity,True Wireless,Built-In Microphone,Headphone Fit,Earbud,Case,Main display,Cover Display,Chip,Display Type,Ports,Screen,Refresh Rate,Fingerprint,GNSS chip,Strap,Water resistant,Straps,Sport Modes,Watch Faces,NFC,CPU,Google TV,Chromecast,Compatibility,Water Proof,PhonePlaceKenya_verifiedRatings,PhonePlaceKenya_oldPrice,PhonePlaceKenya_Price,PhonePlaceKenya_Discount
2024-10-05,21:58:32,Samsung Galaxy S24 FE 5G,0 Reviews,IN STOCK,"6.7-inch, Dynamic AMOLED 2X",8GB,"128GB, 256GB, 512GB","Android 14, One UI 6.1",Exynos 2400e (4 nm),50MP+8MP+12MP,10MP,"5G, Wi-Fi 7, Bluetooth 5.3, NFC, USB-C, GPS","4700mAh, 15W",Samsung,,,,,,,,,,,,,,,,,,,,,,,,,,,,,,,,,,,,,,,,,,,,,,,,,,,,,,,,,,,,,,,,,,,,,,,,,,,,,,,,,,,,,,,,,,,,,,,,,,,,,,,,,,0 Reviews,"KSh 85,000",,No Discount
2024-10-05,21:58:37,Samsung Galaxy Z Flip 6,0 Reviews,IN STOCK,"6.7 inch, AMOLED, 120Hz",12 GB,"256GB, 512GB","Android 14, One UI 6.1.1",,,,"Dual SIM, 3G, 4G, 5G, VoLTE, Wi-Fi","4000mAh, 25W",Samsung,50 MP + 12 MP,10 MP,"3.9 inch, AMOLED",Qualcomm Snapdragon 8 Gen 3,"Yellow, Silver Shadow, Mint, Blue, Black, White, Peach",Warranty,UAE / Dubai,N/A,,,,,,,,,,,,,,,,,,,,,,,,,,,,,,,,,,,,,,,,,,,,,,,,,,,,,,,,,,,,,,,,,,,,,,,,,,,,,,,,,,,,,,,,,,,,,,,,,,0 Reviews,"KSh 103,000","KSh 131,500",
2024-10-05,21:58:43,Samsung Galaxy Z Fold 6,0 Reviews,IN STOCK,7.6 inches Super AMOLED display (unfolded); 6.3-inches when folded,12GB,"256GB, 512GB, 1TB",,,,,"Dual SIM, 3G, 4G, 5G, Wi-Fi","4,4000mAh",Samsung,50MP + 10MP + 12MP,4MP,,Qualcomm SM8550-AC Snapdragon 8 Gen 3 (4 nm),"Navy, Silver Shadow, Pink, Black, White",Warranty,UAE / Dubai,N/A,10MP,"Android 14, One UI 6.1.1",,,,,,,,,,,,,,,,,,,,,,,,,,,,,,,,,,,,,,,,,,,,,,,,,,,,,,,,,,,,,,,,,,,,,,,,,,,,,,,,,,,,,,,,,,,,,,,,0 Reviews,"KSh 162,000","KSh 196,000",
2024-10-05,21:58:48,Samsung Galaxy M55,0 Reviews,IN STOCK,,8GB,,"Android 14, One UI 6.1",Qualcomm SM7450-AB Snapdragon 7 Gen 1 (4 nm),50MP + 8MP + 2MP,50MP,5G,"5000 mAh, non-removable, 45W",Samsung,,,,,,,,,,,256GB,"5.2, A2DP, LE","Dark Blue, Light Green",,,,,,,,,,,,,,,,,,,,,,,,,,,,,,,,,,,,,,,,,,,,,,,,,,,,,,,,,,,,,,,,,,,,,,,,,,,,,,,,,,,,,,,,,,,,,0 Reviews,"KSh 45,000","KSh 41,000",
2024-10-05,21:58:54,Samsung Galaxy A35 5G,,IN STOCK,"6.6 inches, 120 Hz",8GB,256GB,"Android 14, One UI 6.1,",,,,"Dual SIM, 2G, 3G, 4G, 5G, Wi-Fi","5,000 mAh",Samsung,50MP + 8MP + 5MP,13MP,,Exynos 1380 SoC,"Iceblue, Lilac, Navy",Warranty,East Africa,SM-A356ELBMAFB,,,,,,,,,,,,,,,,,,,,,,,,,,,,,,,,,,,,,,,,,,,,,,,,,,,,,,,,,,,,,,,,,,,,,,,,,,,,,,,,,,,,,,,,,,,,,,,,,,1 Review,"KSh 32,000","KSh 40,500",
2024-10-05,21:59:00,Samsung Galaxy A55 5G,0 Reviews,IN STOCK,"6 inches, 120 Hz",8GB,"128 GB, 256GB","Android 14, One UI 6.1,",,,,"Dual SIM, 2G, 3G, 4G, Wi-Fi","5,000 mAh",Samsung,50 MP + 12MP + 5 MP,32MP,,Exynos 1480 SoC,"Iceblue, Lilac, Navy, Lemon",Warranty,East Africa,SM-A556ELBVAFB,,,,,,,,,,,,,,,,,,,,,,,,,,,,,,,,,,,,,,,,,,,,,,,,,,,,,,,,,,,,,,,,,,,,,,,,,,,,,,,,,,,,,,,,,,,,,,,,,,0 Reviews,"KSh 55,000","KSh 42,000",-24%
2024-10-05,21:59:05,Samsung Galaxy A25 5G,0 Reviews,IN STOCK,6.5 inch,8GB,256GB,"Android 14, One UI 6",,,,"Dual SIM, 2G, 3G, 4G, 5G, Wi-Fi","5,000 mAh, 25W",Samsung,50MP + 8MP + 2MP,13 MP,,Octa-core Exynos 1280 (5 nm),"Brave Black, Personality Yellow, Fantasy Blue, Optimistic Blue",,,SM-A256EZKHAFC,,,,,,,,,,,,,,,,,,,,,,,,,,,,,,,,,,,,,,,,,,,,,,,,,,,,,,,,,,,,,,,,,,,,,,,,,,,,,,,,,,,,,,,,,,,,,,,,,,0 Reviews,"KSh 25,500","KSh 29,000",
2024-10-05,21:59:11,Samsung Galaxy M15 4G,0 Reviews,IN STOCK,6.5-inch Super AMOLED,6,,,,50MP + 5MP + 2MP,13MP,4G,"6,000mAh, 25W",Samsung,,,,MediaTek Helio G99 SoC,,,,,,Android 14-based One UI 6,128,,,,,,,,,,,,,,,,,,,,,,,,,,,,,,,,,,,,,,,,,,,,,,,,,,,,,,,,,,,,,,,,,,,,,,,,,,,,,,,,,,,,,,,,,,,,,,,0 Reviews,"KSh 26,000","KSh 25,000",
2024-10-05,21:59:16,Samsung Galaxy F15 5G,0 Reviews,IN STOCK,"6 inches, Super AMOLED",4/6GB,,"Android 14, One UI 6",,50MP+5MP+2MP,"13 MP, f/2.0, (wide)",5G,"6000mAh, 25W",Samsung,,,,"Octa-core, Mediatek Dimensity 6100+ (6 nm)",,,,,,,128GB,,,,,,,,,,,,,,,,,,,,,,,,,,,,,,,,,,,,,,,,,,,,,,,,,,,,,,,,,,,,,,,,,,,,,,,,,,,,,,,,,,,,,,,,,,,,,,,0 Reviews,"KSh 26,500","KSh 23,500",
2024-10-05,21:59:22,Samsung Galaxy S24 5G,0 Reviews,IN STOCK,"6.2 inch + Dynamic LTPO AMOLED 2X, 120Hz, HDR10+, 2600 nits (peak)",8GB,128GB / 256GB / 512GB/1TB,"Android 14, One UI 6.1",,,,"Dual SIM, 3G, 4G, 5G, Wi-Fi","4,000 mAh",Samsung,50MP + 10MP + 12MP,12 MP (wide),,Qualcomm Snapdragon 8 Gen 3 (4nm),"Onyx Black, Marble Grey, Cobalt Violet, Amber Yellow, Jade Green, Sandstone Orange, Sapphire Blue",Warranty,UAE / Dubai,SM-S921,,,,,,,,,,,,,,,,,,,,,,,,,,,,,,,,,,,,,,,,,,,,,,,,,,,,,,,,,,,,,,,,,,,,,,,,,,,,,,,,,,,,,,,,,,,,,,,,,,0 Reviews,"KSh 95,500","KSh 87,000",
2024-10-05,21:59:28,Samsung Galaxy S24 Plus,0 Reviews,IN STOCK,"6.7 inch, AMOLED, 120Hz",12GB,256 / 512GB,"Android 14, One UI 6.1",,,,"Dual sim, 2G, 3G, 4G, 5G",4900mAh,Samsung,50 MP + 10 MP + 12 MP,12 MP,,Snapdragon 8 Gen 3 / Exynos 2400,"Onyx Black, Marble Grey, Cobalt Violet, Amber Yellow, Jade Green, Sandstone Orange, Sapphire Blue",,East Africa,SM-S926,,,,,,,,,,,,,,,,,,,,,,,,,,,,,,,,,,,,,,,,,,,,,,,,,,,,,,,,,,,,,,,,,,,,,,,,,,,,,,,,,,,,,,,,,,,,,,,,,,0 Reviews,"KSh 102,000","KSh 105,000",
2024-10-05,21:59:34,Samsung Galaxy S24 Ultra,2 Reviews,IN STOCK,6.8 inch + 120Hz AMOLED display,12GB,"256GB, 512GB, 1TB","Android 14, One UI 6.1",,,,"Dual SIM, 3G, 4G, 5G, Wi-Fi",5000 mAh,Samsung,200MP + 50MP + 10MP + 10MP,12 MP,,Qualcomm Snapdragon 8 Gen 3,"Titanium Black, Titanium Gray, Titanium Violet, Titanium Yellow, Titanium Blue, Titanium Green, Titanium Orange",Warranty,UAE / Dubai,SM-S928UZKEXAA,,,,,,,"Samsung Galaxy S24 Ultra KSh 120,000 – KSh 178,000",,,,,,,,,,,,,,,,,,,,,,,,,,,,,,,,,,,,,,,,,,,,,,,,,,,,,,,,,,,,,,,,,,,,,,,,,,,,,,,,,,,,,,,,,,,2 Reviews,"KSh 120,000","KSh 178,000",
2024-10-05,21:59:39,Samsung Galaxy A25 4G,0 Reviews,,6.5 inches,"6GB, 8GB",128GB,"Android 13, upgradable to Android 14, One UI 6",,,,"Dual SIM, 2G, 3G, 4G, Wi-Fi","5,000 mAh, 25W",Samsung,50MP + 5MP + 2MP,13 MP,,Mediatek Helio G99 (6nm),"Black, Lime Green, Blue gradient, Dark red",,,,,,,,,,,,,,,,,,,,,,,,,,,,,,,,,,,,,,,,,,,,,,,,,,,,,,,,,,,,,,,,,,,,,,,,,,,,,,,,,,,,,,,,,,,,,,,,,,,,,0 Reviews,"KSh 37,500",,No Discount
2024-10-05,21:59:44,Samsung Galaxy A15 4G,2 Reviews,IN STOCK,6.4 inch,"4GB, 6GB","64GB, 128GB",Android 14,,,,"Dual SIM, 2G, 3G, 4G, Wi-Fi","5,000 mAh",Samsung,50MP + 5MP + 2MP,13 MP,,Mediatek Helio G99 (6nm),"Black, Personality Yellow, Fantasy Blue, Optimistic Blue",,,N/A,,,,,,,,,,,,,,,,,,,,,,,,,,,,,,,,,,,,,,,,,,,,,,,,,,,,,,,,,,,,,,,,,,,,,,,,,,,,,,,,,,,,,,,,,,,,,,,,,,2 Reviews,"KSh 18,500","KSh 24,000",
2024-10-05,21:59:50,Samsung Galaxy A54 5G,0 Reviews,IN STOCK,"6.46 inches, 120 Hz",8GB,256GB,"Android 13, One UI 5.1",,,,"Dual sim, 2G, 3G, 4G, Wi-Fi","5,000 mAh",Samsung,50 MP + 12MP + 5 MP,32MP,,Exynos 1380,"Lime, Graphite, Violet, White",,,,,,,,,,,,,,,,,,,,,,,,,,,,,,,,,,,,,,,,,,,,,,,,,,,,,,,,,,,,,,,,,,,,,,,,,,,,,,,,,,,,,,,,,,,,,,,,,,,,,0 Reviews,"KSh 47,000","KSh 46,500",
2024-10-05,21:59:56,Samsung Galaxy A24,0 Reviews,IN STOCK,"6.5 inches, AMOLED, 90Hz","6GB,",128GB,"Android 13, One UI 5.1",,,,"Dual sim, 3G, 4G, Wi-Fi","5000 mAh, 25W wired",Samsung,50 MP + 5 MP + 2 MP,13 MP,,Mediatek Helio G99,"Black, Lime Green, Blue gradient, Dark Red",,,,,,,,,,,,,,,,,,,,,,,,,,,,,,,,,,,,,,,,,,,,,,,,,,,,,,,,,,,,,,,,,,,,,,,,,,,,,,,,,,,,,,,,,,,,,,,,,,,,,0 Reviews,"KSh 27,500","KSh 27,000",
2024-10-05,22:00:02,Samsung Galaxy A34 5G,2 Reviews,IN STOCK,"6.6 inch, AMOLED, 120Hz",6GB,128GB,"Android 13, One UI 5.1",,,,"Dual sim, 3G, 4G, 5G","5,000 mAh with 25W charging",Samsung,48 MP + 8 MP + 5 MP,13 MP,,MediaTek Dimensity 1080,"Lime, Graphite, Violet, Silver",Warranty,UAE / Dubai,N/A,,,,,,,,,,,,,,,,,,,,,,,,,,,,,,,,,,,,,,,,,,,,,,,,,,,,,,,,,,,,,,,,,,,,,,,,,,,,,,,,,,,,,,,,,,,,,,,,,,2 Reviews,"KSh 32,000","KSh 36,000",
2024-10-05,22:00:08,Samsung Galaxy S23 FE 5G,3 Reviews,IN STOCK,"6.4 inch, 120Hz AMOLED",8GB,256GB,"Android 13, One UI 5.1",,,,"Dual sim, 2G, 3G, 4G, 5G, Wi-Fi","4,500 mAh",Samsung,50MP + 8MP + 12MP,12 MP,,"Exynos 2200 International, Snapdragon 8 Gen 1 – USA","Mint, Cream, Graphite, Purple, Indigo and Tangerine",Warranty,UAE / Dubai,N/A,,,,,,,,,,,,,,,,,,,,,,,,,,,,,,,,,,,,,,,,,,,,,,,,,,,,,,,,,,,,,,,,,,,,,,,,,,,,,,,,,,,,,,,,,,,,,,,,,,3 Reviews,"KSh 68,000","KSh 63,000",
2024-10-05,22:00:14,Samsung Galaxy A05,0 Reviews,IN STOCK,"6.7 inch, LCD, 90Hz",4GB,64/128GB,Android 13,,,,"Dual SIM, 2G, 3G, 4G","5,000 mAh",Samsung,50 MP + 2 MP,8 MP,,Snapdragon 680 4G,"Black, Silver, Light Green",,,N/A,,,,,,,,,,,,,,,,,,,,,,,,,,,,,,,,,,,,,,,,,,,,,,,,,,,,,,,,,,,,,,,,,,,,,,,,,,,,,,,,,,,,,,,,,,,,,,,,,,0 Reviews,"KSh 13,200","KSh 14,500",
2024-10-05,22:00:20,Samsung Galaxy A05s,3 Reviews,IN STOCK,"6.7 inch, LCD, 90Hz",4GB,128GB,Android 13,,,,"Dual sim, 2G, 3G, 4G",5000 mAh,Samsung,50 MP + 2 MP+ 2 MP,13 MP,,Snapdragon 680 4G,"Black, Silver, Light Green, Violet",Warranty,East Africa,SM-A057FLVDAFC,,,,,,,,,,,,,,,,,,,,,,,,,,,,,,,,,,,,,,,,,,,,,,,,,,,,,,,,,,,,,,,,,,,,,,,,,,,,,,,,,,,,,,,,,,,,,,,,,,3 Reviews,"KSh 14,500","KSh 16,000",
2024-10-05,22:00:27,Samsung Galaxy Z Flip 5,0 Reviews,IN STOCK,"6.7 inch, AMOLED, 120Hz",8 GB,"256GB, 512GB","Android 13, One UI 5.1.1",,,,"Dual sim, 3G, 4G, 5G, VoLTE, Wi-Fi","3700 mAh, 25W",Samsung,12 MP + 12 MP,10 MP,"3.4 inch, AMOLED",Qualcomm Snapdragon 8 Gen 2,"Icy Blue, Phantom Black, Cream, Gray, Blue",Warranty,UAE / Dubai,N/A,,,,,,,,,,,,,,,,,,,,,,,,,,,,,,,,,,,,,,,,,,,,,,,,,,,,,,,,,,,,,,,,,,,,,,,,,,,,,,,,,,,,,,,,,,,,,,,,,,0 Reviews,"KSh 79,500","KSh 88,500",
2024-10-05,22:00:33,Samsung Galaxy Z Fold 5,0 Reviews,IN STOCK,"7.6 inch, AMOLED, 120Hz",12 GB,"256GB, 512GB","Android 13, One UI 5.1.1",,,,"Dual sim, 3G, 4G, 5G, VoLTE, Wi-Fi","4,400 mAh",Samsung,,,"6.2 inch, AMOLED, 120Hz",Qualcomm Snapdragon 8 Gen 2,"Phantom Black, Cream, Icy Blue",Warranty,UAE / Dubai,N/A,,,,,,,,50MP + 12MP+ 10MP,4MP,10MP,,,,,,,,,,,,,,,,,,,,,,,,,,,,,,,,,,,,,,,,,,,,,,,,,,,,,,,,,,,,,,,,,,,,,,,,,,,,,,,,,,,,,,,,0 Reviews,"KSh 138,000","KSh 147,000",
2024-10-05,22:00:38,Samsung Galaxy F34 5G,0 Reviews,IN STOCK,"6.5-inch, Super AMOLED, 120Hz, 1000 nits (peak)","6GB,",,"Android 13, One UI 5.1",,,,"Dual SIM, 5G, Wi-Fi","6,000 mAh",Samsung,,,,Exynos 1280 (5 nm),"Electric Black, Mystic Green",,,,,,,,,,,,,,128GB,50MP + 8MP + 2MP,"13 MP, f/2.2, (wide)",This product has no local warranty,,,,,,,,,,,,,,,,,,,,,,,,,,,,,,,,,,,,,,,,,,,,,,,,,,,,,,,,,,,,,,,,,,,,,,,,,,,,,,,,,,,,0 Reviews,"KSh 29,000","KSh 26,000",
2024-10-05,22:00:44,Samsung Galaxy F14,0 Reviews,IN STOCK,6 inches,6GB,128GB,"Android 13, One UI Core 5.1",,,,"Dual SIM, up to 5G Connectivity","6,000mAh 25w fast charging",Samsung,5oMP + 2MP,13MP,,Exynos 1330 (5nm),"Black, Green and Purple",,,,,,,,,,,,,,,,,,,,,,,,,,,,,,,,,,,,,,,,,,,,,,,,,,,,,,,,,,,,,,,,,,,,,,,,,,,,,,,,,,,,,,,,,,,,,,,,,,,,,0 Reviews,"KSh 35,000","KSh 18,500",
2024-10-05,22:00:50,Samsung Galaxy M14 5G,0 Reviews,IN STOCK,6.6 inch,6GB,128GB,"Android 13, One UI 5.1",,,,"Dual SIM, 2G, 3G, 4G, 5G, Wi-Fi","6,000 mAh",Samsung,50MP + 2MP + 2MP,13 MP,,"Octa-core, Exynos 1330 (5nm)","Navy Blue, Light Blue, Silver",,,N/A,,,,,,,,,,,,,,,,,,,,,,,,,,,,,,,,,,,,,,,,,,,,,,,,,,,,,,,,,,,,,,,,,,,,,,,,,,,,,,,,,,,,,,,,,,,,,,,,,,0 Reviews,"KSh 17,000","KSh 22,000",
2024-10-05,22:00:56,Samsung Galaxy M34 5G,0 Reviews,IN STOCK,"6.5-inch, Super AMOLED, 120Hz, 1000 nits (peak)","6GB,",,"Android 13, One UI 5.1",,,,"Dual SIM, 5G, Wi-Fi","6,000 mAh",Samsung,,,,Exynos 1280 (5 nm),"Midnight Blue, Prism Silver, Waterfall Blue",,,,,,,,,,,,,,128GB,50MP + 8MP + 2MP,"13 MP, f/2.2, (wide)",This product has no local warranty,,,,,,,,,,,,,,,,,,,,,,,,,,,,,,,,,,,,,,,,,,,,,,,,,,,,,,,,,,,,,,,,,,,,,,,,,,,,,,,,,,,,0 Reviews,"KSh 40,000","KSh 24,500",
2024-10-05,22:01:01,Samsung Galaxy M54 5G,0 Reviews,IN STOCK,"6.7 inches, AMOLED Plus, 120Hz",8 GB,256GB,"Android 13, One UI 5.1",,,,"Dual sim, 2G, 3G, 4G, 5G, Wi-Fi","5,000 mAh",Samsung,108MP+8MP+2MP,32 MP,,Exynos 1380,"Dark Blue, Silver",,,,,,,,,,,,,,,,,,,,,,,,,,,,,,,,,,,,,,,,,,,,,,,,,,,,,,,,,,,,,,,,,,,,,,,,,,,,,,,,,,,,,,,,,,,,,,,,,,,,,0 Reviews,"KSh 42,000","KSh 40,000",
2024-10-05,22:01:07,Samsung Galaxy F04,0 Reviews,IN STOCK,6.5 inch,4GB,64GB,"Android 12, One UI Core 4.1",,,,"Dual sim, 2G, 3G",5000 mAh,Samsung,13 MP + 2 MP,5 MP,,MediaTek Helio P35,"Black, Copper, Light Blue",,,,,,,,,,,,,,,,,,,,,,,,,,,,,,,,,,,,,,,,,,,,,,,,,,,,,,,,,,,,,,,,,,,,,,,,,,,,,,,,,,,,,,,,,,,,,,,,,,,,,0 Reviews,"KSh 17,500","KSh 14,500",
2024-10-05,22:01:13,Samsung Galaxy S23 Ultra 5G,0 Reviews,IN STOCK,6.8 inch + 120Hz AMOLED display,12GB,256GB/512GB,"Android 13, One UI 5.1",,,,"Dual sim, 2G, 3G, 4G, 5G, Wi-Fi","5,000 mAh",Samsung,200MP + 12MP + 10MP + 10MP,12 MP,,Snapdragon 8 Gen2,"Phantom Black, Cream, Green, Lavender",Warranty,UAE / Dubai,N/A,,,,,,,,,,,,,,,,,,,,,,,,,,,,,,,,,,,,,,,,,,,,,,,,,,,,,,,,,,,,,,,,,,,,,,,,,,,,,,,,,,,,,,,,,,,,,,,,,,0 Reviews,"KSh 97,000","KSh 108,000",
2024-10-05,22:01:19,Samsung Galaxy S23 Plus 5G,0 Reviews,IN STOCK,6.6 inch,8GB,256GB,"Android 13, One UI 5.1",,,,"Dual sim, 2G, 3G, 4G, 5G",4700 mAh,Samsung,50 MP + 12 MP + 10 MP,12MP,,Snapdragon 8 Gen2,"Phantom Black, Cream, Green, Lavender",Warranty,UAE / Dubai,N/A,,,,,,,,,,,,,,,,,,,,,,,,,,,,,,,,,,,,,,,,,,,,,,,,,,,,,,,,,,,,,,,,,,,,,,,,,,,,,,,,,,,,,,,,,,,,,,,,,,0 Reviews,"KSh 118,000","KSh 150,000",
2024-10-05,22:01:26,Samsung Galaxy S23 5G,0 Reviews,IN STOCK,6.1 inch + 120Hz AMOLED display,8GB,256GB,"Android 13, One UI 5.1",,,,"Dual sim, 2G, 3G, 4G, 5G, Wi-Fi",3900 mAh,Samsung,50MP + 12MP + 10MP,12 MP,,Snapdragon 8 Gen2,"Phantom Black, Cream, Green, Lavender",,,N/A,,,,,,,,,,,,,,,,,,,,,,,,,,,,,,,,,,,,,,,,,,,,,,,,,,,,,,,,,,,,,,,,,,,,,,,,,,,,,,,,,,,,,,,,,,,,,,,,,,0 Reviews,"KSh 71,000","KSh 83,000",
2024-10-05,22:01:33,Samsung Galaxy A04e,0 Reviews,IN STOCK,6.5 inch,3GB,32/ 64GB,"Android 12, One UI Core 4.1",,,,"Dual sim, 2G, 3G",5000 mAh,Samsung,13 MP + 2 MP,5 MP,,MediaTek Helio G35,"Black, Copper, Light Blue",,,,,,,,,,,,,,,,,,,,,,,,,,,,,,,,,,,,,,,,,,,,,,,,,,,,,,,,,,,,,,,,,,,,,,,,,,,,,,,,,,,,,,,,,,,,,,,,,,,,,0 Reviews,"KSh 13,000","KSh 12,000",
2024-10-05,22:01:40,Samsung Galaxy M04,0 Reviews,IN STOCK,6.5 inch,4GB,64GB,"Android 12, One UI Core 4.1",,,,"Dual sim, 2G, 3G, 4G",5000 mAh,Samsung,13MP + 2 MP,5 MP,,Mediatek Helio P35 (12nm),"Sea Glass Green, Shadow Blue",,,,,,,,,,,,,,,,,,,,,,,,,,,,,,,,,,,,,,,,,,,,,,,,,,,,,,,,,,,,,,,,,,,,,,,,,,,,,,,,,,,,,,,,,,,,,,,,,,,,,0 Reviews,"KSh 16,000","KSh 15,500",
2024-10-05,22:01:47,Samsung Galaxy F13,0 Reviews,IN STOCK,6.6 inches,4GB,"64GB, 128GB","Android 12, One UI Core 4.1",,,,"Dual SIM, Up to 4G Connectivity","6,000mAh",Samsung,50MP + 5MP + 2MP,8 MP,,Exynos 850 (8nm),"Waterfall Blue, Sunrise Copper, and Nightsky Green",,,N/A,,,,,,,,,,,,,,,,,,,,,,,,,,,,,,,,,,,,,,,,,,,,,,,,,,,,,,,,,,,,,,,,,,,,,,,,,,,,,,,,,,,,,,,,,,,,,,,,,,0 Reviews,"KSh 16,500","KSh 20,500",
2024-10-05,22:01:54,Samsung Galaxy Z Fold 4,0 Reviews,IN STOCK,7.6 inch,12 GB,"256GB, 512GB","Android 12L, One UI 4.1.1",,,,"Dual sim, 3G, 4G, 5G, VoLTE, Wi-Fi","4,400 mAh",Samsung,,,6.2 inch,Qualcomm Snapdragon 8+ Gen 1,"Stalwart Phantom Black, Beige, Gray-green",,,,,,,,,,,50MP + 12MP+ 10MP,4MP,10MP,,,,,,,,,,,,,,,,,,,,,,,,,,,,,,,,,,,,,,,,,,,,,,,,,,,,,,,,,,,,,,,,,,,,,,,,,,,,,,,,,,,,,,,,0 Reviews,"KSh 190,000","KSh 140,500",
2024-10-05,22:01:59,Samsung Galaxy M13 4G,,IN STOCK,6.6 inch,6GB,128GB,Android 12,,,,"Dual sim, 2G, 3G, 4G, Wi-Fi",5000 mAh,Samsung,50MP + 5MP + 2MP,8 MP,,Exynos 850 (8nm),"Deep Green, Orange Copper, Light Blue",,,,,,,,,,,,,,,,,,,,,,,,,,,,,,,,,,,,,,,,,,,,,,,,,,,,,,,,,,,,,,,,,,,,,,,,,,,,,,,,,,,,,,,,,,,,,,,,,,,,,1 Review,"KSh 27,500","KSh 26,000",
2024-10-05,22:02:05,Samsung Galaxy F23,0 Reviews,IN STOCK,"6.6 inches, IPS LCD, 120Hz",6GB,128 GB,"Android 12, One UI 4.1",,50MP + 8MP + 2MP,,"Dual sim, 5G, Wi-Fi","5000 mAh, 25W",Samsung,,,,Qualcomm Snapdragon 750G 5G (8 nm),"Aqua Blue, Forest Green",,,SM-E236B,,,,,,,,,,,,,,,"8 MP, f/2.2, (wide)",,,,,,,,,,,,,,,,,,,,,,,,,,,,,,,,,,,,,,,,,,,,,,,,,,,,,,,,,,,,,,,,,,,,,,,,,,,,,,,,,,,0 Reviews,"KSh 36,000","KSh 30,500",
2024-10-05,22:02:11,Samsung Galaxy S22 5G,0 Reviews,IN STOCK,6.1 inch,8GB,256GB,Android 12,,,,"Dual sim, 2G, 3G, 4G, 5G","3,700 mAh",Samsung,50 MP + 12 MP + 10 MP,10 MP,,Qualcomm Snapdragon 8 Gen 1,"Phantom Black, Phantom White, Green, Pink Gold",Warranty,UAE / Dubai,SM-S901B/DS,,,,,,,,,,,,,,,,,,,,,,,,,,,,,,,,,,,,,,,,,,,,,,,,,,,,,,,,,,,,,,,,,,,,,,,,,,,,,,,,,,,,,,,,,,,,,,,,,,0 Reviews,"KSh 66,000","KSh 75,000",
2024-10-05,22:02:17,Samsung Galaxy S22 Ultra 5G,0 Reviews,IN STOCK,6.8 inch + 120Hz AMOLED display,12GB,"256GB, 512GB",Android 12,,,,"Dual sim, 2G, 3G, 4G, 5G, Wi-Fi",5000 mAh,Samsung,108MP + 12MP + 10MP + 10MP,40 MP,,Qualcomm Snapdragon 8 Gen 1,"Phantom Black, Phantom White, Green, Burgundy",Warranty,UAE / Dubai,SM-S908EZKGAFA,,,,,,,,,,,,,,,,,,,,,,,,,,,,,,,,,,,,,,,,,,,,,,,,,,,,,,,,,,,,,,,,,,,,,,,,,,,,,,,,,,,,,,,,,,,,,,,,,,0 Reviews,"KSh 105,000","KSh 112,000",
2024-10-05,22:02:23,Samsung Galaxy A03 Core,2 Reviews,IN STOCK,6.5 inch,2GB,32GB,Android 11 (Go edition),,,,"Dual sim, 2G, 3G, 4G",5000 mAh,Samsung,8 MP,5 MP,,Unisoc SC9863A (28nm),"Black, Blue",,,SM-A032F/DS,,,,,,,,,,,,,,,,,,,,,,,,,,,,,,,,,,,,,,,,,,,,,,,,,,,,,,,,,,,,,,,,,,,,,,,,,,,,,,,,,,,,,,,,,,,,,,,,,,2 Reviews,"KSh 16,500","KSh 12,800",
2024-10-05,22:02:29,Samsung Galaxy S21 FE 5G,0 Reviews,IN STOCK,6.41 inch,8GB,256GB,Android 12,,,,"Dual sim, 3G, 4G, 5G, VoLTE, Wi-Fi",4500 mAh,Samsung,12 MP + 12 MP + 8 MP,32 MP,,Exynos 2100,"White, Lavender, Graphite, Olive",,,,,,,,,,,,,,,,,,,,,,,,,,,,,,,,,,,,,,,,,,,,,,,,,,,,,,,,,,,,,,,,,,,,,,,,,,,,,,,,,,,,,,,,,,,,,,,,,,,,,0 Reviews,"KSh 65,000","KSh 59,000",
2024-10-05,22:02:37,Apple iPhone 16,0 Reviews,IN STOCK,6.1 inches,8GB,,iOS 18,,,,"5G, Nano-SIM, Esim, Wi-Fi 7","3,561mAh",Apple,,,,Apple A18 Bionic,"Black, White, Pink, Teal, Ultramarine",,,N/A,,,,,,,,,,,128GB / 256GB / 512GB,48MP + 12 MP,12MP + SL 3D,,,,,,,,,,,,,,,,,,,,,,,,,,,,,,,,,,,,,,,,,,,,,,,,,,,,,,,,,,,,,,,,,,,,,,,,,,,,,,,,,,,,,0 Reviews,"KSh 147,000","KSh 145,000",
2024-10-05,22:02:43,Apple iPhone 16 Plus,0 Reviews,,6.3 inches,8GB,,iOS 18,,,,"5G, Nano-SIM, eSIM, Wi-Fi 7","4,674 mAh",Apple,,,,Apple A18 (3 nm),"Black, White, Pink, Teal, Ultramarine",,,165000,,,,,,,,,,,"128GB,256GB, 512GB",48MP + 12 MP,12MP + SL 3D,,,,,,,,,,,,,,,,,,,,,,,,,,,,,,,,,,,,,,,,,,,,,,,,,,,,,,,,,,,,,,,,,,,,,,,,,,,,,,,,,,,,,0 Reviews,,,No Discount
2024-10-05,22:02:49,Apple iPhone 16 Pro,0 Reviews,IN STOCK,6.3 inches,8GB,,iOS 18,Apple A18 Pro (3 nm),,,"5G, Nano-SIM, eSIM, Wi-Fi 7","3,582 mAh",Apple,,,,,"Black Titanium, White Titanium, Natural Titanium, Desert Titanium",,,N/A,,,,,,,,,,,"128GB, 256GB",48MP + 12 MP + 48MP,12MP + SL 3D,,,,,,,,,,,,,,,,,,,,,,,,,,,,,,,,,,,,,,,,,,,,,,,,,,,,,,,,,,,,,,,,,,,,,,,,,,,,,,,,,,,,,0 Reviews,"KSh 188,000","KSh 200,000",
2024-10-05,22:02:55,iPhone 16 Pro Max,0 Reviews,IN STOCK,6.9 inches,8GB,"256/512GB, 1TB",iOS 18 Pro,,,,"5G, Nano-SIM, eSIM, Wi-Fi 7","4,685mAh (29 hours of video playback, 95 hours of audio playback)",Apple,,,,Apple A18 Pro Bionic,"Black Titanium, White Titanium, Natural Titanium, Desert Titanium",,,N/A,,,,,,,,,,,,48MP + 12 MP + 48MP,12MP + SL 3D,,,,,,,,,,,,,,,,,,,,,,,,,,,,,,,,,,,,,,,,,,,,,,,,,,,,,,,,,,,,,,,,,,,,,,,,,,,,,,,,,,,,,0 Reviews,"KSh 240,000","KSh 330,000",
2024-10-05,22:03:00,Apple iPhone 15,0 Reviews,IN STOCK,6.1 inches,6GB,,iOS 17,,,,"5G, Nano-SIM, eSIM, Wi-Fi 6","3,200 mAh",Apple,,,,Apple A16 Bionic,"Black, Blue, Green, Yellow, Pink",Warranty,UAE / Dubai,N/A,,,,,,,,,,,"128GB,256GB",48MP + 12 MP,12MP + SL 3D,,,,,,,,,,,,,,,,,,,,,,,,,,,,,,,,,,,,,,,,,,,,,,,,,,,,,,,,,,,,,,,,,,,,,,,,,,,,,,,,,,,,,0 Reviews,"KSh 98,500","KSh 119,000",
2024-10-05,22:03:07,Apple iPhone 15 Plus,0 Reviews,IN STOCK,6.7 inches,6GB,,iOS 17,,,,"5G, Nano-SIM, eSIM, Wi-Fi","4,383 mAh",Apple,,,,Apple A16 Bionic,"Black, Blue, Green, Yellow, Pink",Warranty,UAE / Dubai,N/A,,,,,,,,,,,"128GB,256gb",48MP + 12MP,12MP+ SL 3D,,,,,,,,,,,,,,,,,,,,,,,,,,,,,,,,,,,,,,,,,,,,,,,,,,,,,,,,,,,,,,,,,,,,,,,,,,,,,,,,,,,,,0 Reviews,"KSh 113,000","KSh 193,000",
2024-10-05,22:03:13,Apple iPhone 15 Pro,0 Reviews,IN STOCK,"6.1 inches, OLED, 120Hz",8GB,,iOS 17,,,,"5G, Nano-SIM, eSIM, Wi-Fi",4323 mAh,Apple,,,,Apple A17 Pro,"Black Titanium, White Titanium, Blue Titanium, Natural Titanium",Warranty,UAE / Dubai,N/A,,,,,,,,,,,"128GB, 256GB, 512GB,1TB",48MP + 12MP + 12MP + TOF 3D LiDAR,12MP+ SL 3D,,,,,,,,,,,,,,,,,,,,,,,,,,,,,,,,,,,,,,,,,,,,,,,,,,,,,,,,,,,,,,,,,,,,,,,,,,,,,,,,,,,,,0 Reviews,"KSh 131,000","KSh 205,000",
2024-10-05,22:03:18,Apple iPhone 15 Pro Max,0 Reviews,IN STOCK,"6.7 inches, OLED, 120Hz",8GB,,iOS 17,,,,"5G, Nano-SIM, eSIM, Wi-Fi",4323 mAh,Apple,,,,Apple A17 Pro,"Black Titanium, White Titanium, Blue Titanium, Natural Titanium",Warranty,UAE / Dubai,N/A,,,,,,,,,,,"256GB, 512GB",48MP + 12MP + 12MP + TOF 3D LiDAR,12MP+ SL 3D,,,,,,,,,,,,,,,,,,,,,,,,,,,,,,,,,,,,,,,,,,,,,,,,,,,,,,,,,,,,,,,,,,,,,,,,,,,,,,,,,,,,,0 Reviews,"KSh 157,000","KSh 225,000",
2024-10-05,22:03:24,Apple iPhone 14 Pro Max,0 Reviews,IN STOCK,6.7 inches,6GB,,iOS 16,,,,"5G, Nano-SIM, eSIM, Wi-Fi",4323 mAh,Apple,,,,Apple A16 Bionic,"Space Black, Silver, Gold, Deep Purple",,,,,,,,,,,,,,"256GB,",64MP + 12MP + 12MP + TOF 3D LiDAR,12MP+ SL 3D,,,,,,,,,,,,,,,,,,,,,,,,,,,,,,,,,,,,,,,,,,,,,,,,,,,,,,,,,,,,,,,,,,,,,,,,,,,,,,,,,,,,,0 Reviews,"KSh 122,000","KSh 119,000",
2024-10-05,22:03:30,Apple iPhone 14 Pro,0 Reviews,IN STOCK,6.1 inches,6GB,,iOS 16,,,,"5G, Nano-SIM, eSIM, Wi-Fi 6",3200 mAh,Apple,,,,Apple A15 Bionic,"Space Black, Silver, Gold, Deep Purple",Warranty,UAE / Dubai,N/A,,,,,,,,,,,256GB,64MP + 12MP + 12MP + TOF 3D LiDAR,12MP+ SL 3D,,,,,,,,,,,,,,,,,,,,,,,,,,,,,,,,,,,,,,,,,,,,,,,,,,,,,,,,,,,,,,,,,,,,,,,,,,,,,,,,,,,,,0 Reviews,"KSh 104,000","KSh 139,000",
2024-10-05,22:03:38,Apple iPhone 14,0 Reviews,IN STOCK,6.1 inches,6GB,,iOS 16,,,,"5G, Nano-SIM, eSIM, Wi-Fi 6",3279 mAh,Apple,,,,Apple A15 Bionic,"Blue, Purple, Midnight, Starlight, RED",Warranty,UAE / Dubai,N/A,,,,,,,,,,,"128GB, 256GB,",12MP + 12MP,12MP,,,,,,,,,,,,,,,,,,,,,,,,,,,,,,,,,,,,,,,,,,,,,,,,,,,,,,,,,,,,,,,,,,,,,,,,,,,,,,,,,,,,,0 Reviews,"KSh 94,000","KSh 109,000",
2024-10-05,22:03:44,Apple iPhone 14 Plus,0 Reviews,IN STOCK,6.7 inches,6GB,,iOS 16,,,,"5G, Nano-SIM, eSIM, Wi-Fi",4325 mAh,Apple,,,,Apple A15 Bionic,"Blue, Purple, Midnight, Starlight, RED",Warranty,UAE / Dubai,N/A,,,,,,,,,,,"128GB, 256GB,",12MP + 12MP,12MP+ SL 3D,,,,,,,,,,,,,,,,,,,,,,,,,,,,,,,,,,,,,,,,,,,,,,,,,,,,,,,,,,,,,,,,,,,,,,,,,,,,,,,,,,,,,0 Reviews,"KSh 107,000","KSh 111,000",
2024-10-05,22:03:50,Apple iPhone SE 2022,0 Reviews,IN STOCK,4.7 inch,4GB,,iOS 15.4,,,,"5G, Nano-SIM, eSIM, Wi-Fi 6",2018 mAh,Apple,,,,Apple A15 Bionic,"Black, White, Red",Warranty,UAE / Dubai,N/A,,,,,,,,,,,128GB,12 MP,7MP,,,,,,,,,,,,,,,,,,,,,,,,,,,,,,,,,,,,,,,,,,,,,,,,,,,,,,,,,,,,,,,,,,,,,,,,,,,,,,,,,,,,,0 Reviews,"KSh 67,500","KSh 63,000",
2024-10-05,22:03:56,Apple iPhone 13 Pro Max,,IN STOCK,6.7 inches,6GB,,iOS 15,,,,"5G, Nano-SIM, eSIM, Wi-Fi",4373 mAh,Apple,,,,Apple A15 Bionic,"Graphite, Gold, Silver, Sierra Blue, Alpine Green",,,A2643,,,,,,,,,,,256GB,12MP + 12MP + 12MP + TOF 3D LiDAR,12MP+ SL 3D,,,,,,,,,,,,,,,,,,,,,,,,,,,,,,,,,,,,,,,,,,,,,,,,,,,,,,,,,,,,,,,,,,,,,,,,,,,,,,,,,,,,,1 Review,"KSh 105,000","KSh 92,000",
2024-10-05,22:04:02,Apple iPhone 13 Pro,0 Reviews,IN STOCK,6.1 inches,6GB,,iOS 15,,,,"5G, Nano-SIM, eSIM, Wi-Fi 6",3095 mAh,Apple,,,,Apple A15 Bionic,"Graphite, Gold, Silver, Sierra Blue, Alpine Green",,,A2638,,,,,,,,,,,256GB,12MP + 12MP + 12MP + TOF 3D LiDAR,12MP+ SL 3D,,,,,,,,,,,,,,,,,,,,,,,,,,,,,,,,,,,,,,,,,,,,,,,,,,,,,,,,,,,,,,,,,,,,,,,,,,,,,,,,,,,,,0 Reviews,"KSh 90,000","KSh 77,000",
2024-10-05,22:04:08,Apple iPhone 13 Mini,0 Reviews,IN STOCK,5.4 inch,4GB,,upgradable to iOS 15.4.1,,,,"5G, Nano-SIM, eSIM, Wi-Fi 6",2227 mAh,Apple,,,,Apple A15 Bionic,"Starlight, Midnight, Blue, Pink, Red",,,A2628,,,,,,,,,,,128GB,12MP + 12MP,12MP + SL 3D,,,,,,,,,,,,,,,,,,,,,,,,,,,,,,,,,,,,,,,,,,,,,,,,,,,,,,,,,,,,,,,,,,,,,,,,,,,,,,,,,,,,,0 Reviews,"KSh 115,000","KSh 110,000",
2024-10-05,22:04:14,Apple iPhone 13,0 Reviews,IN STOCK,6.1 inches,4GB,,upgradable to iOS 15.4.1,,,,"5G, Nano-SIM, eSIM, Wi-Fi 6",2815 mAh,Apple,,,,Apple A15 Bionic,"Pink, Blue, Midnight, Starlight, and Product Red",Warranty,UAE / Dubai,A2633,,,,,,,,,,,"128GB,256GB",12MP + 12MP,12MP,,,,,,,,,,,,,,,,,,,,,,,,,,,,,,,,,,,,,,,,,,,,,,,,,,,,,,,,,,,,,,,,,,,,,,,,,,,,,,,,,,,,,0 Reviews,"KSh 63,000","KSh 98,000",
2024-10-05,22:04:20,Apple iPhone 12,0 Reviews,IN STOCK,6.1 inches,4GB,,upgradable to iOS 15.4.1,,,,"5G, Nano-SIM, eSIM, Wi-Fi",2815 mAh,Apple,,,,Apple A14 Bionic,"Black, Green, Yellow, Purple, Red, White",Warranty,UAE / Dubai,A2403,,,,,,,,,,,"128GB,",12MP + 12MP,12 MP,,,,,,,,,,,,,,,,,,,,,,,,,,,,,,,,,,,,,,,,,,,,,,,,,,,,,,,,,,,,,,,,,,,,,,,,,,,,,,,,,,,,,0 Reviews,"KSh 50,000","KSh 69,000",
2024-10-05,22:04:25,Apple iPhone 12 Mini,0 Reviews,,5.4 inch,4GB,,upgradable to iOS 15.4.1,,,,"5G, Nano-SIM, eSIM, Wi-Fi",2227 mAh,Apple,,,,Apple A14 Bionic,"Black, Blue, (PRODUCT) Red, Grey, White",,,A2399,,,,,,,,,,,"128GB, 256GB.",12MP + 12MP,12MP + SL 3D,,,,,,,,,,,,,,,,,,,,,,,,,,,,,,,,,,,,,,,,,,,,,,,,,,,,,,,,,,,,,,,,,,,,,,,,,,,,,,,,,,,,,0 Reviews,"KSh 78,000","KSh 82,500",No Discount
2024-10-05,22:04:31,Apple iPhone 12 Pro,0 Reviews,IN STOCK,6.1 inches,6GB,,upgradable to iOS 15.4.1,,,,"5G, Nano-SIM, eSIM, Wi-Fi",2815 mAh,Apple,,,,Apple A14 Bionic,"Silver, Graphite, Gold, Pacific Blue",Warranty,,A2407,,,,,,,,,,,256GB,12MP + 12MP + 12MP + TOF 3D LiDAR,12MP + SL 3D,,,,,,,,,,,,,,,,,,,,,,,,,,,,,,,,,,,,,,,,,,,,,,,,,,,,,,,,,,,,,,,,,,,,,,,,,,,,,,,,,,,,,0 Reviews,"KSh 69,000","KSh 65,000",
2024-10-05,22:04:37,Apple iPhone 12 Pro Max,,IN STOCK,6.7 inches,6GB,,upgradable to iOS 15.4.1,,,,"5G, Nano-SIM, eSIM, Wi-Fi",3687 mAh,Apple,,,,Apple A14 Bionic,"Silver, Graphite, Gold, Pacific Blue",,,A2411,,,,,,,,,,,256GB,12MP + 12MP + 12MP + TOF 3D LiDAR,12MP + SL 3D,,,,,,,,,,,,,,,,,,,,,,,,,,,,,,,,,,,,,,,,,,,,,,,,,,,,,,,,,,,,,,,,,,,,,,,,,,,,,,,,,,,,,1 Review,"KSh 74,000","KSh 71,000",
2024-10-05,22:04:42,Apple iPhone 11,0 Reviews,IN STOCK,6.1 inches,4GB,,upgradable to iOS 15.4.1,,,,"4G, Nano-SIM, eSIM, Wi-Fi",3110 mAh,Apple,,,,Apple A13 Bionic (7 nm+),"Black, Green, Yellow, Purple, Red, White",Warranty,UAE / Dubai,A2221,,,,,,,,,,,"64GB,128GB",12MP + 12MP,12MP,,,,,,,,,,,,,,,,,,,,,,,,,,,,,,,,,,,,,,,,,,,,,,,,,,,,,,,,,,,,,,,,,,,,,,,,,,,,,,,,,,,,,0 Reviews,"KSh 39,000","KSh 59,000",
2024-10-05,22:04:48,Apple iPhone 11 Pro Max,,IN STOCK,6.5 inches,4GB,,upgradable to iOS 15.4.1,,,,"sim, 3G, 4G, VoLTE, Wi-Fi",3969 mAh,Apple,,,,Apple A13 Bionic (7 nm+),"Space Gray, Silver, Gold, Midnight Green",,,A2218,,,,,,,,,,,256GB,12MP + 12MP + 12MP,12 MP,This is a refurbished Apple product! without warranty,,,,,,,,,,,,,,,,,,,,,,,,,,,,,,,,,,,,,,,,,,,,,,,,,,,,,,,,,,,,,,,,,,,,,,,,,,,,,,,,,,,,1 Review,"KSh 60,000","KSh 53,000",
2024-10-05,22:04:53,Apple iPhone 11 Pro,0 Reviews,IN STOCK,5.8 inches,4GB,,upgradable to iOS 15.4.1,,,,"4G, Nano-SIM, eSIM",3046 mAh,Apple,,,,Apple A13 Bionic (7 nm+),"Space Gray, Silver, Gold, Midnight Green",,,A2215,,,,,,,,,,,256GB,12MP + 12MP + 12MP,12MP,This is a refurbished Apple product!,,,,,,,,,,,,,,,,,,,,,,,,,,,,,,,,,,,,,,,,,,,,,,,,,,,,,,,,,,,,,,,,,,,,,,,,,,,,,,,,,,,,0 Reviews,"KSh 57,000","KSh 52,000",
2024-10-05,22:04:59,Apple iPhone XS Max,0 Reviews,IN STOCK,6.5 inch,4GB,,upgradable to iOS 15.4.1,,,,"nano-SIM + eSIM setup, 4G, Wi-Fi",3174 mAh,Apple,,,,A12 Bionic chip,"Silver, space gray, and gold.",Warranty,,A2101,,,,,,,,,,,256GB,12MP + 12MP,7MP,This is a refurbished Apple product!,,,,,,,,,,,,,,,,,,,,,,,,,,,,,,,,,,,,,,,,,,,,,,,,,,,,,,,,,,,,,,,,,,,,,,,,,,,,,,,,,,,,0 Reviews,"KSh 45,000","KSh 40,500",
2024-10-05,22:05:11,Apple iPhone XS,,IN STOCK,5.8 inch,4GB,,upgradable to iOS 15.4.1,,,,"4G, Nano-SIM, eSIM",2658 mAh,Apple,,,,A12 Bionic,"Space Gray, Silver, Gold",Warranty,,A2097,,,,,,,,,,,256GB,12MP + 12MP,7MP,This is a refurbished Apple product!,,,,,,,,,,,,,,,,,,,,,,,,,,,,,,,,,,,,,,,,,,,,,,,,,,,,,,,,,,,,,,,,,,,,,,,,,,,,,,,,,,,,1 Review,"KSh 41,000","KSh 39,000",
2024-10-05,22:05:17,Apple iPhone XR,0 Reviews,IN STOCK,6.1 inch,3GB,,upgradable to iOS 15.4.1,,,,"nano-SIM + eSIM, 4G, Wi-Fi",2942 mAh,Apple,,,,A12 Bionic chip,"Black, white, blue, coral, yellow, and (PRODUCT)RED.",Warranty,,A2105,,,,,,,,,,,128GB,12MP,7MP,This is a refurbished Apple product!,,,,,,,,,,,,,,,,,,,,,,,,,,,,,,,,,,,,,,,,,,,,,,,,,,,,,,,,,,,,,,,,,,,,,,,,,,,,,,,,,,,,0 Reviews,"KSh 45,000","KSh 38,500",
2024-10-05,22:05:23,Apple iPhone X,0 Reviews,IN STOCK,5.8 inches,3GB,,"iOS 11.1.1, up-gradable to iOS 13.5",,,,,2716 mAh,Apple,,,,Apple A11 Bionic (10 nm),"Space Gray, Silver",,,A1865,,,,,,,,,,,256GB,12MP + 12MP,7MP + SL 3D,This is a refurbished Apple product!,,,,,,,,,,,,,,,,,,,,,,,,,,,,,,,,,,,,,,,,,,,,,,,,,,,,,,,,,,,,,,,,,,,,,,,,,,,,,,,,,,,,0 Reviews,"KSh 32,000","KSh 31,000",
2024-10-05,22:05:28,Apple iPhone 8 Plus,0 Reviews,IN STOCK,,3GB,,upgradable to iOS 15.4.1,,,,,2691 mAh,Apple,,,,A11 Bionic,,,,A1864,,,,,,,,,,,256GB,12MP + 12 MP,7MP,This is a refurbished Apple product!,,,,,,,,,,,,,,,,,,,,,,,,,,,,,,,,,,,,,,,,,,,,,,,,,,,,,,,,,,,,,,,,,,,,,,,,,,,,,,,,,,,,0 Reviews,"KSh 49,000","KSh 35,000",
2024-10-05,22:05:34,Apple iPhone 8,0 Reviews,IN STOCK,,2GB,,upgradable to iOS 15.4.1,,,,,1821 mAh,Apple,,,,A11 Bionic,,,,A1863,,,,,,,,,,,"64GB, 256GB",12MP,7MP,This is a refurbished Apple product!,,,,,,,,,,,,,,,,,,,,,,,,,,,,,,,,,,,,,,,,,,,,,,,,,,,,,,,,,,,,,,,,,,,,,,,,,,,,,,,,,,,,0 Reviews,"KSh 27,500","KSh 32,500",No Discount
2024-10-05,22:05:41,Infinix Hot 50i 4G,0 Reviews,IN STOCK,,6GB,,"Android 14, XOS 14.5",Mediatek Helio G81,48MP,,"4G, Bluetooth 5.4, Wi-Fi, 3.5mm Jack","5000mAh, 18W Wired",Infinix,,,,,,,,,,,128GB,,,,,,,,,,,,8MP,,,,,,,,,,,,,,,,,,,,,,,,,,,,,,,,,,,,,,,,,,,,,,,,,,,,,,,,,,,,,,,,,,,,,,,,,,,,,,,,,,,0 Reviews,"KSh 15,500","KSh 14,000",
2024-10-05,22:05:46,Infinix Note 40 Pro 4G,,IN STOCK,6.78 inches,"8GB, 12GB",,"Android 14, XOS 14",Mediatek Helio G99 Ultimate,108MP + 2MP + 2MP,32MP,,"5,000mAh, 45W",Infinix,,,,,"Vintage Green, Titan Gold",,,,,,256 GB,,,,,,,,,,,,,164.4 x 74.6 x 7.8 mm,4G,,,,,,,,,,,,,,,,,,,,,,,,,,,,,,,,,,,,,,,,,,,,,,,,,,,,,,,,,,,,,,,,,,,,,,,,,,,,,,,,,1 Review,"KSh 38,000","KSh 36,500",
2024-10-05,22:05:52,Infinix Hot 40i,,IN STOCK,"6.6 inches, IPS LCD, 90Hz","4GB, 8GB",,"Android 13, XOS 13",,50MP + 0.08MP,32MP,"4G, Dual SIM","5,000 mAh, 18W Fast charging",Infinix,,,,"Octa-core, Unisoc T606 (12 nm)","Starlit Black, Palm Blue, Horizon Gold, Starfall Green",,,N/A,,,,,,,,,,,,,,,,,,"128GB, 256GB",,,,,,,,,,,,,,,,,,,,,,,,,,,,,,,,,,,,,,,,,,,,,,,,,,,,,,,,,,,,,,,,,,,,,,,,,,,,,,,,1 Review,"KSh 12,700","KSh 16,800",
2024-10-05,22:06:00,Infinix Smart 8,,IN STOCK,6 IPS LCD screen,,,Android 13,Unisoc T606 (12 nm),13MP + 0.3 MP,8MP,,"Li-Po 5000 mAh, non-removable",Infinix,,,,,,,,N/A,,,,,,,,,,,,,,,,,,,64GB/128GB,,,,,,,,,,,,,,,,,,,,,,,,,,,,,,,,,,,,,,,,,,,,,,,,,,,,,,,,,,,,,,,,,,,,,,,,,,,,,,,1 Review,"KSh 11,500","KSh 13,500",
2024-10-05,22:06:05,Infinix XDM52 USB-A to Micro Cable,0 Reviews,IN STOCK,,,,,,,,,,Infinix,,,,,,,,,,,,,,,,,,,,,,,,,,,,1m,USB-A to Micro,2A,White,TPE fireproof material,,,,,,,,,,,,,,,,,,,,,,,,,,,,,,,,,,,,,,,,,,,,,,,,,,,,,,,,,,,,,,,,,,,,,,,,,,0 Reviews,KSh 250,KSh 100,
2024-10-05,22:06:11,Infinix XDL53A USB-A Cable,0 Reviews,IN STOCK,,,,,,,,,,Infinix,,,,,,,,,,,,,,,,,,,,,,,,,,,,1m,USB-A to Type C,3A,White,TPE fireproof material,,,,,,,,,,,,,,,,,,,,,,,,,,,,,,,,,,,,,,,,,,,,,,,,,,,,,,,,,,,,,,,,,,,,,,,,,,0 Reviews,KSh 600,,No Discount
2024-10-05,22:06:16,Infinix Watch 1,0 Reviews,IN STOCK,1.83 inches,,,,,,,Bluetooth,T days typical use,Infinix,,,,,,,,,,,,,,,,,,,,,,,,,,,,,,,,,yes,IP68 Rating,100+,110+,,,,,,,,,,,,,,,,,,,,,,,,,,,,,,,,,,,,,,,,,,,,,,,,,,,,,,,,,,,,,,,,,,,,,,0 Reviews,"KSh 3,500","KSh 3,000",
2024-10-05,22:06:22,Infinix Buds Neo XE-26,0 Reviews,IN STOCK,,,,,,,,,40mAh-buds; 500mAh-case,Infinix,,,,,,,,,,,,v5.4,,,,,,,,,,,,,,,,,,,,,,,,,2*2 Mics on each bud,AI ENC Supported,2*13mm deep base drivers,multi-touch,Supported,"Charge for 10 minutes, listen for 40 minutes",,,,,,,,,,,,,,,,,,,,,,,,,,,,,,,,,,,,,,,,,,,,,,,,,,,,,,,,,,,,,,,,0 Reviews,"KSh 2,500","KSh 2,300",
2024-10-05,22:06:28,Infinix Buds Lite XE-23,0 Reviews,IN STOCK,,,,,,,,,46mAh-buds; 460mAh-case,Infinix,,,,,,,,,,,,,,,,,,,,,,,,,,,,,,,,,,,,,2*2 Mics on each bud,AI ENC Supported,2*13mm deep base drivers,multi-touch,,"Charge for 10 minutes, listen for 40 minutes",Customizable,,,,,,,,,,,,,,,,,,,,,,,,,,,,,,,,,,,,,,,,,,,,,,,,,,,,,,,,,,,,,,,0 Reviews,"KSh 2,000","KSh 1,800",
2024-10-05,22:06:33,Infinix INBOOK X2 Gen11,0 Reviews,IN STOCK,"14-inch, IPS",,,Windows 11 Home,,,,"Wi-Fi, Bluetooth, USB","50Wh, 9 hours regular working",Infinix,,,,"X2-i3, i5, i7","Grey, Blue, Green, Red",,,,,,,,,,,,,,,,,,,,,,"8GB RAM, 512GB SSD",,,,,,,,,,,,,,,,,24kg,323.3* 211.1* 14.8 mm,,,,,,,,,,,,,,,,,,,,,,,,,,,,,,,,,,,,,,,,,,,,,,,,,,,,,,,,,,,,,0 Reviews,"KSh 50,000",,No Discount
2024-10-05,22:06:38,Infinix Buds Neo XE-27,0 Reviews,IN STOCK,,,,,,,,,"buds-4.5 hours, with case-28 hours",Infinix,,,,,,,,,,,,,,,,,,,,,,,,,,,,,,,,,,,,,4,,,,,,,,,Yes,multi-touch,10mm,IPX4,,,,,,,,,,,,,,,,,,,,,,,,,,,,,,,,,,,,,,,,,,,,,,,,,,,,,,,,,0 Reviews,"KSh 2,700","KSh 2,500",
2024-10-05,22:06:44,Infinix Hot 40 Pro,0 Reviews,IN STOCK,"6.78 inches, IPS LCD, 120Hz",8GB,,"Android 13, XOS 13.5",,108MP + 2MP + 0.08MP,32MP,"4G, Dual SIM","5,000 mAh, 18W Fast charging",Infinix,,,,"Octa-core, Unisoc T606 (12 nm)","Starlit Black, Palm Blue, Horizon Gold, Starfall Green",,,,,,,,,,,,,,,,,,,,,256GB,,,,,,,,,,,,,,,,,,,,,,,,,,,,,,,,,,,,,,,,,,,,,,,,,,,,,,,,,,,,,,,,,,,,,,,,,,,,,,,,0 Reviews,"KSh 22,000","KSh 20,500",
2024-10-05,22:06:50,Infinix Note 40 4G,0 Reviews,IN STOCK,6.78 inches,8GB,,"Android 14, XOS 14",Mediatek Helio G99 Ultimate,108MP+2MP+QVGA,32MP,,"5,000mAh, 45W",Infinix,,,,,"Titan Gold, Obsidian Black",,,,,,256 GB,,,,,,,,,,,,,168.6 x 76.6 x 8.6 mm,,,,,,,,,,,,,,,,,,,,,,,,,,,,,,,,,,,,,,,,,,,,,,,,,,,,,,,,,,,,,,,,,,,,,,,,,,,,,,,,,,0 Reviews,"KSh 28,000","KSh 26,000",
2024-10-05,22:06:55,Infinix Note 40 Pro+ 5G,0 Reviews,IN STOCK,"6.78-inch, AMOLED",12GB,,"Android 14, XOS 14",Mediatek Dimensity 7020 (6 nm),108MP+2MP+2MP,32MP,"5G, Dual SIM","4,600mAh",Infinix,,,,,,,,,,,256GB,,,,,,,,,,,,,,,,,,,,,,,,,,,,,,,,,,,,,,,,,,,,,,,,,,,,,,,,,,,,,,,,,,,,,,,,,,,,,,,,,,,,,,,,,,,,,,,0 Reviews,"KSh 48,500","KSh 46,500",
2024-10-05,22:07:01,Infinix Hot 40 4G,0 Reviews,,"6.78 inches, IPS LCD, 90Hz",8GB,,"Android 13, XOS 13.5",,50MP + 2MP + 0.08MP,32MP,"4G, Dual SIM","5,000 mAh, 33W wired, 20-75% in 35 min Fast charging",Infinix,,,,"Octa-core, Mediatek MT6769H Helio G88 (12nm)","Palm Blue, Horizon Gold, Starlit Black, Starfall Green",,,,,,,,,,,,,,,,,,,,,"128GB, 256GB",,,,,,,,,,,,,,,,,,,,,,,,,,,,,,,,,,,,,,,,,,,,,,,,,,,,,,,,,,,,,,,,,,,,,,,,,,,,,,,,0 Reviews,"KSh 26,500","KSh 23,500",No Discount
2024-10-05,22:07:07,Infinix Note 30 Pro,,,"6.67 inches, AMOLED, 120Hz",8GB,256GB,Android 13,,,,"Dual sim, 3G, 4G, Wi-Fi","5000 mAh, 33W wired",Infinix,108 MP + 2 MP + QVGA,32 MP,,Mediatek Helio G99,"Magic Black, Interstellar Blue, Sunset Gold",,,,,,,,,,,,,,,,,,,,,,,,,,,,,,,,,,,,,,,,,,,,,,,,,,,,,,,,,,,,,,,,,,,,,,,,,,,,,,,,,,,,,,,,,,,,,,,,,,,,,1 Review,"KSh 30,000","KSh 23,000",No Discount
2024-10-05,22:07:13,Google Pixel 9 Pro XL,0 Reviews,IN STOCK,"6.8-inch, OLED",12GB,"128GB, 256GB, 512GB",Android 14,,,,"3G, 4G, 5G, Wi-Fi","5,060 mAh",Google,50MP + 48MP+ 48MP,42 MP,,Google Tensor G4 (5 nm),"Porcelain, Rose Quartz, Hazel, Obsidian",,,N/A,,,,,,,,,,,,,,No local warranty,,,,,,,,,,,,,,,,,,,,,,,,,,,,,,,,,,,,,,,,,,,,,,,,,,,,,,,,,,,,,,,,,,,,,,,,,,,,,,,,,,,,0 Reviews,"KSh 152,000","KSh 143,000",
2024-10-05,22:07:18,Google Pixel 9,0 Reviews,IN STOCK,"6.4-inch, OLED",12 GB,"128GB, 256GB",Android 14,,,,"3G, 4G, 5G, Wi-Fi",4700 mAh,Google,50MP + 48MP,10.5 MP,,Google Tensor G4 (5 nm),"Obsidian, Porcelain, Wintergreen, Peony",,,N/A,,,,,,,,,,,,,,No local warranty,,,,,,,,,,,,,,,,,,,,,,,,,,,,,,,,,,,,,,,,,,,,,,,,,,,,,,,,,,,,,,,,,,,,,,,,,,,,,,,,,,,,0 Reviews,"KSh 107,500","KSh 115,000",
2024-10-05,22:07:24,Google Pixel Watch 2,0 Reviews,IN STOCK,,,,Android Wear OS 4,Qualcomm 5100,,,,306 mAh,Google,,,,,"Polished Silver, Matte Black, Champagne Gold",,,,,,32GB,,,,,,,,,,,,,,,,,,,,,,,,,,,,,,,,,,1.21 inches,,,,,,,,,,,,,,,,,,,,,,,,,,,,,,,,,,,,,,,,,,,,,,,,,,,,,,,,,,,,,0 Reviews,"KSh 45,000","KSh 38,000",
2024-10-05,22:07:30,Google Pixel Watch 1,0 Reviews,IN STOCK,"1.2 inches, AMOLED",,,Android Wear OS 3.5,Exynos 9110 (10 nm),,,"eSIM, NFC, Wi-Fi, Bluetooth","294 mAh, Wireless (Qi)",Google,,,,,"Matte Black, Polished Silver, Champagne Gold",,,,,,,,,,,,,,32GB 2GB RAM,,,,,,GSM,,,,,,,,,,,,,,,,,,,,,,,,,"Accelerometer, gyro, heart rate, altimeter, compass, SpO2",IP68 Rating / 5ATM,,,,,,,,,,,,,,,,,,,,,,,,,,,,,,,,,,,,,,,,,,,,,,,,,,,,,,,0 Reviews,"KSh 30,000","KSh 26,500",
2024-10-05,22:07:36,Google Pixel USB-C Wired In-Earphones,0 Reviews,IN STOCK,,,,,,,,,,Google,,,,,White,,,,,,,,,,,,,,,,,,,"Earbud height-15.9mm), Diameter-16.5mm)",,,,,,,,,,,,,,,,Touch control,,,,,,,,,,,,44in (1123mm),Google Translate,Yes,40,,,,,,,,,,,,,,,,,,,,,,,,,,,,,,,,,,,,,,,,,,,,,,,,,,,0 Reviews,"KSh 4,500",,No Discount
2024-10-05,22:07:41,Google Pixel 8a,0 Reviews,IN STOCK,"6.1 inches, OLED",8GB,,,Google Tensor G3 (4 nm),dual lenses (64MP+13MP),13MP,5G,"4492 mAh, non-removable",Google,,,,,,,,N/A,,,"128GB,256GB",,,,,,,,,,,,,,,,,,,,,,,,,,,,,,,,,,,,,,,,,,,,,,,,,,,,,,,,,,,,,,,,,,,,,,,,,,,,,,,,,,,,,,,,,,,,,,,0 Reviews,"KSh 58,000","KSh 64,500",
2024-10-05,22:07:47,Google Pixel Tablet,0 Reviews,IN STOCK,"10.95 inches, IPS LCD",8 GB,128GB,Android 13,,,,"Bluetooth, WI-FI",27 Wh,Google,8MP,8MP,,Google Tensor G2,"Porcelain, Hazel, Rose",,,,,,,,,,,,,,,,,No Local Warranty,,,,,,,,,,,,,,,,,,,,,,,,,,,,,,,,,,,,,,,,,,,,,,,,,,,,,,,,,,,,,,,,,,,,,,,,,,,,,,,,,,,,0 Reviews,"KSh 98,000","KSh 95,000",
2024-10-05,22:07:53,Google Pixel 7a,3 Reviews,IN STOCK,"6.1 inches, OLED, 90Hz",8 GB,128GB,Android 13,,,,"Bluetooth 5.3, 4G, 5G, WI-FI",4385 mAh,Google,64MP + 13MP,13 MP,,Google Tensor G2,"Charcoal, Sea, and Snow",,,,,,,,,,,,,,,,,No Local Warranty,,,,,,,,,,,,,,,,,,,,,,,,,,,,,,,,,,,,,,,,,,,,,,,,,,,,,,,,,,,,,,,,,,,,,,,,,,,,,,,,,,,,3 Reviews,"KSh 50,000","KSh 47,000",
2024-10-05,22:07:59,Google Pixel 8 Pro,0 Reviews,IN STOCK,"6.7-inch, LTPO OLED",12 GB,"128GB, 256GB",Android 14,,,,"3G, 4G, 5G, Wi-Fi","5,050mAh",Google,50MP + 48MP + 48MP,10.5 MP,,Google Tensor G3 (4 nm),"Obsidian, Porcelain, and Bay",,,N/A,,,,,,,,,,,,,,No local warranty,,,,,,,,,,,,,,,,,,,,,,,,,,,,,,,,,,,,,,,,,,,,,,,,,,,,,,,,,,,,,,,,,,,,,,,,,,,,,,,,,,,,0 Reviews,"KSh 90,500","KSh 97,000",
2024-10-05,22:08:05,Google Pixel 8,0 Reviews,IN STOCK,"6.2-inch, OLED",8 GB,"128GB, 256GB",Android 14,,,,"3G, 4G, 5G, Wi-Fi","4,575mAh",Google,50MP + 12MP,10.5 MP,,Google Tensor G2 (5 nm),"Obsidian, Hazel and Rose",,,N/A,,,,,,,,,,,,,,No local warranty,,,,,,,,,,,,,,,,,,,,,,,,,,,,,,,,,,,,,,,,,,,,,,,,,,,,,,,,,,,,,,,,,,,,,,,,,,,,,,,,,,,,0 Reviews,"KSh 61,000","KSh 78,000",
2024-10-05,22:08:10,Google Pixel 7 Pro,0 Reviews,IN STOCK,6.7 inch,"8GB,12GB","128GB, 256GB",Android 13,,,,"GSM, CDMA, HSPA, EVDO, LTE,5G",5000 mAh,Google,50 MP + 48 MP + 12 MP,10.8 MP,,Google Tensor G2,"Obsidian, Snow, Hazel",,,N/A,,,,,,,,,,,,,,NO Local Warranty,,,,,,,,,,,,,,,,,,,,,,,,,,,,,,,,,,,,,,,,,,,,,,,,,,,,,,,,,,,,,,,,,,,,,,,,,,,,,,,,,,,,0 Reviews,"KSh 54,000","KSh 60,000",
2024-10-05,22:08:16,Google Pixel 7,0 Reviews,IN STOCK,6.4 inch,8GB,128GB,Android 13,,,,"3G, 4G, 5G, Wi-Fi","4,355mAh",Google,50MP + 12MP,10.8 MP,,Google Tensor G2 (5 nm),"Obsidian, Lemongrass, Snow",,,,,,,,,,,,,,,,,NO  local warranty,,,,,,,,,,,,,,,,,,,,,,,,,,,,,,,,,,,,,,,,,,,,,,,,,,,,,,,,,,,,,,,,,,,,,,,,,,,,,,,,,,,,0 Reviews,"KSh 52,000","KSh 46,500",
2024-10-05,22:08:21,Google Pixel 6a,0 Reviews,IN STOCK,6.1 inch,6 GB,128GB,Android 12,,,,"GSM, CDMA, HSPA, EVDO, LTE,5G",4410mAh,Google,12.2MP + 12MP,8 MP,,Google Tensor,"Chalk, Charcoal, Sage",,,,,,,,,,,,,,,,,No  local warranty,,,,,,,,,,,,,,,,,,,,,,,,,,,,,,,,,,,,,,,,,,,,,,,,,,,,,,,,,,,,,,,,,,,,,,,,,,,,,,,,,,,,0 Reviews,"KSh 45,000","KSh 38,500",
2024-10-05,22:08:27,Google Pixel 6,0 Reviews,IN STOCK,6.4 inch,8 GB,128GB,Android 12,,,,"GSM, CDMA, HSPA, EVDO, LTE,5G",4614mAh,Google,50MP + 12MP,8 MP,,Google Tensor,"Sorta Seafoam, Kinda Coral, Stormy Black",,,,,,,,,,,,,,,,,NO  local warranty,,,,,,,,,,,,,,,,,,,,,,,,,,,,,,,,,,,,,,,,,,,,,,,,,,,,,,,,,,,,,,,,,,,,,,,,,,,,,,,,,,,,0 Reviews,"KSh 40,000","KSh 38,000",
2024-10-05,22:08:34,Itel P65,0 Reviews,IN STOCK,"6.7-inch, IPS LCD",4/6/8GB,,"Android 14, itel OS 14",Unisoc T615 (12 nm),50MP+ Auxiliary Lens,8MP,"4G, NFC, Bluetooth, Wi-Fi","5000mAh, 18W",Itel,,,,,,,,,,,128/256GB,,,,,,,,,,,,,,,,,,,,,,,,,,,,,,,,,192.4g,,,,,,,,,,,,,,,,,,,,,,,,,,,,,,,,,,,,,,,,,,,,,,,,,,,,,,,,,,,,,,0 Reviews,"KSh 18,000","KSh 13,200",
2024-10-05,22:08:39,Itel RS4,0 Reviews,IN STOCK,"6.56-inch, IPS LCD","8GB, 12GB",,Android 13,Mediatek Helio G99 Ultimate,50MP,8MP,"4G, NFC, Bluetooth, USB-C,","5000mAh, 45W wired, bypass charging, 80% in 30 mins.",,,,,,,,,,,,"128GB, 256GB",,,,,,,,,,,,,,,,,,,,,,,,,,,,,,,,,198g,,,,,,,,,,,,,,,,,,,,,,,,,,,,,,,,,,,,,,,,,,,,,,,,,,,,,,,,,,,,,,0 Reviews,"KSh 23,800",,No Discount
2024-10-05,22:08:44,Itel A50,0 Reviews,IN STOCK,,"2GB, 3GB, 4GB",,Android 14 (Go edition),Octa-core- Unisoc T603,8MP,5MP,,"5000mAh, 10W",,,,,,,,,,,,"64GB, 128GB",,,,,,,,,,,,,,,,,,,,,,,,,,,,,,,,,,163.9 x 75.7 x 8.7 mm,,,,,,,,,,,,,,,,,,,,,,,,,,,,,,,,,,,,,,,,,,,,,,,,,,,,,,,,,,,,,0 Reviews,"KSh 12,000","KSh 10,000",
2024-10-05,22:08:50,Itel Pad 1 Mini,0 Reviews,IN STOCK,,2GB,,Android 13,,5 MP,,"4G, Wi-Fi and Bluetooth",4000mAh,,,5MP,,,,,,,,,,,,,,,,,64GB,,,,,,,,,,,,,,,,,,,,,,,,,,,,,,,,,,,,,8-inch TFT,,,,,,,,,,,,,,,,,,,,,,,,,,,,,,,,,,,,,,,,,,,,,,,,,,0 Reviews,"KSh 13,800","KSh 12,500",
2024-10-05,22:08:56,Itel S24,0 Reviews,IN STOCK,"6.6 inches, IPS LCD","4GB,",,Android 13,MediaTek Helio G91 Ultra,108MP+0.08MP,8MP,4G,"5000mAh, 18W",,,,,,,,,,,,,,,,,,,,"128GB,",,,,,,,,,,,,,,,,,,,,,,,,,,,,,,,,,,,,,,,,,,,,,,,,,,,,,,,,,,,,,,,,,,,,,,,,,,,,,,,,,,,,,,,0 Reviews,"KSh 17,000","KSh 15,500",
2024-10-05,22:09:05,Itel P55 5G,0 Reviews,IN STOCK,"6.6-inch IPS LCD, 90Hz","4GB, 6GB",,Android 13,MediaTek Dimensity 6080,50MP + 0.08MP,8MP,5G,"5000mAh, 18W",,,,,,"Galaxy Blue, Mint Green",,,,,,"128GB, 256GB",,,,,,,,,,,,,,,,,,,,,,,,,,,,,,,,,,,,,,,,,,,,,,,,,,,,,,,,,,,,,,,,,,,,,,,,,,,,,,,,,,,,,,,,,,,,,,,0 Reviews,"KSh 22,000",,No Discount
2024-10-05,22:09:11,Itel P55+,0 Reviews,IN STOCK,"6.6-inch IPS LCD, 90Hz","4GB, 8GB",,Android 13,Unisoc T606 (12 nm),50MP + 0.08MP,8MP,4G,"5000mAh, 45W",,,,,,"Royal Green, Galaxy Blue, Meteor Purple",,,,,,"128GB, 256GB",,,,,,,,,,,,,,,,,,,,,,,,,,,,,,,,,,,,,,,,,,,,,,,,,,,,,,,,,,,,,,,,,,,,,,,,,,,,,,,,,,,,,,,,,,,,,,,0 Reviews,"KSh 16,500",,No Discount
2024-10-05,22:09:17,Itel P55 4G,0 Reviews,IN STOCK,,"4GB, 8GB",,,,,8MP,"4G, Bluetooth, Wi-Fi,","5000mAh, 18W.",,,,,Unisoc T606 chipset (12 nm),,,,,,,"128GB, 256GB",,,,,,,,,,,,,,,,,,,,,,,,,,,,,,,,,,,,,,,,,,,,,,50MP + 0.08MP,,,,,,,,,,,,,,,,,,,,,,,,,,,,,,,,,,,,,,,,,,,,,,,,,0 Reviews,"KSh 15,500","KSh 12,500",
2024-10-05,22:09:22,Itel A18s,0 Reviews,IN STOCK,5.5-inch IPS LCD display,2GB + 2GB Virtual,32GB,,,,,,"3,020mAh battery",,,,,Octa-core,,,,,,,,,,,,,,,,,,,,,,,,,,,,,,,,,,,,,,,,,,,,,,,,,,,,,,5MP sensor with LED flash,2MP sensor,Android 13 (Go Edition),Blue Black,,,,,,,,,,,,,,,,,,,,,,,,,,,,,,,,,,,,,,,,,,,,,0 Reviews,"KSh 9,000","KSh 8,600",
2024-10-05,22:09:28,Itel A70,0 Reviews,IN STOCK,6.6-inches,"3GB, 4GB",,,,13MP + AI lens,8MP,,"5,000mAh",,,,,,,,,N/A,,,"128GB, 256GB",,,,,,,,,,,,,,,,,,,,,,,,,,,,,,,,,,,,,,,,,,,,,,,,,,,"Brilliant Gold, Starlish Black, Field Green, and Azure Blue",,,,,,,,,,,,,,,,,,,,,,,,,,,,,,,,,,,,,,,,,,,,0 Reviews,"KSh 12,300","KSh 14,500",
2024-10-05,22:09:34,Itel A05s,0 Reviews,IN STOCK,6.6 inches,2GB,,"Android 12 (Go Edition, Itel OS 8.6 system)",,,,,"4,000 mAh",,,,,Octa-core (4×1.6 GHz Cortex-A55 & 4×1.2 GHz Cortex-A55),"Meadow Green, Nebula Black",,,,,,,,,,,,,,32GB,8 MP,5 MP,,,,,,,,,,,,,,,,,,,,,,,,,,,,,,,,,,,,,,,,,,,,,,,,,,,,,,,,,,,,,,,,,,,,,,,,,,,,,,,,,,,,,0 Reviews,"KSh 12,000","KSh 10,500",
2024-10-05,22:09:39,Itel S23 Plus,0 Reviews,IN STOCK,6.78 Inches,"4GB, 8GB",,,,50MP + 0.08MP,32MP,,"5,000MP, 18W wired fast charging unit.",,,,,,"Black, Cyan",,,N/A,,,"128GB, 256GB",,,,,,,,,,,,,,,,,,,,,,,,,,,,,,,,,,,,,,,,,,,,,,,,,,,,,,,,,,,,,,,,,,,,,,,,,,,,,,,,,,,,,,,,,,,,,,,0 Reviews,"KSh 23,000","KSh 25,500",
2024-10-05,22:09:44,Itel S23,0 Reviews,IN STOCK,6.6 inches,"4GB, 8GB","128 GB, 256GB",Android 12,,,,"Dual SIM, 4G, Wi-Fi",5000mAh,,50MP+ 0.08MP,5 MP,,Unisoc T606 (12 nm),"Starry Black, Mystery White",,,,,,,,,,,,,,,,,,,,,,,,,,,,,,,,,,,,,,,,,,,,,,,,,,,,,,,,,,,,,,,,,,,,,,,,,,,,,,,,,,,,,,,,,,,,,,,,,,,,,0 Reviews,"KSh 13,000","KSh 10,300",
2024-10-05,22:09:50,Itel A60s,0 Reviews,IN STOCK,6.6 inch,4GB,64/128 GB,Android 12,,,,"Dual sim, 4G, Wi-Fi",5000 mAh,,8MP+QVGA,5 MP,,Unisoc SC9863A1,"Shadow Black, Glacier Green, Moonlit Violet",,,N/A,,,,,,,,,,,,,,,,,,,,,,,,,,,,,,,,,,,,,,,,,,,,,,,,,,,,,,,,,,,,,,,,,,,,,,,,,,,,,,,,,,,,,,,,,,,,,,,,,,0 Reviews,"KSh 13,000","KSh 16,000",
2024-10-05,22:09:55,Itel A18,0 Reviews,IN STOCK,5.0 inches,1GB,,Android 11 (Go Edition),,,,,2400 mAh,,,,,Quad-core Processor,Morion Grey,,,,,,,,,,,,,,32GB,5 MP + QVGA,0.3 MP,,,,,,,,,,,,,,,,,,,,,,,,,,,,,,,,,,,,,,,,,,,,,,,,,,,,,,,,,,,,,,,,,,,,,,,,,,,,,,,,,,,,,0 Reviews,"KSh 7,400","KSh 7,200",
2024-10-05,22:10:01,itel KidPad 1,0 Reviews,IN STOCK,7.0 inches,1GB,,"Android 10, Go Edition",,,,"3G, Single-SIM","4,000 mAh",,,,,"1.3 GHz, Quad-core",Blue,,,,,,,,,,,,,,32GB,5 MP,2 MP,,,,,,,,,,,,,,,,,,,,,,,,,,,,,,,,,,,,,,,,,,,,,,,,,,,,,,,,,,,,,,,,,,,,,,,,,,,,,,,,,,,,,0 Reviews,"KSh 11,500","KSh 11,300",
2024-10-05,22:10:07,Nokia C22,0 Reviews,IN STOCK,6.52 inch,4GB,,Android 13 (Go edition),,,,"Dual sim, 4G, Wi-Fi",5000 mAh,,,,,Unisoc SC9863A (28nm),"Sand, Midnight Black",,,,,,,,,,,,,,128GB,13MP+2MP,5 MP,,,,,,,,,,,,,,,,,,,,,,,,,,,,,,,,,,,,,,,,,,,,,,,,,,,,,,,,,,,,,,,,,,,,,,,,,,,,,,,,,,,,,0 Reviews,"KSh 18,000","KSh 17,500",
2024-10-05,22:10:12,Nokia C32,0 Reviews,IN STOCK,,", 4GB",,,,50MP + 2MP,,,"5,000 mAh",,,,,Unisoc SC9863A1 (22nm),,,,,,Android 13,,,,,,,,,"64GB,",,,,,,4G,,,,,,"Charcoal, Autumn Green, Beach Pink",,,,,,,,,,,,,,,,,,,,,,,,,,,,,,,,"6.5 inches, IPS LCD",720 x 1600 pixels,8MP,,,,,,,,,,,,,,,,,,,,,,,,,,,,,,,,,,,,,,,,,0 Reviews,"KSh 18,500","KSh 18,300",
2024-10-05,22:10:18,Nokia T21,0 Reviews,IN STOCK,10.4 inch,4GB,,Android 12,,,,"Nano SIM, 2G, 3G, 4G, Wi-Fi","8,200 mAh",,8 MP,8 MP,,"Octa-core, Unisoc Tiger T612 (12 nm)",Charcoal Grey,,,,,,,,,,,,,,64 GB / 128GB,,,,,,,,,,,,,,,,,,,,,,,,,,,,,,,,,,,,,,,,,,,,,,,,,,,,,,,,,,,,,,,,,,,,,,,,,,,,,,,,,,,,,,,0 Reviews,"KSh 38,500","KSh 28,500",
2024-10-05,22:10:30,Nokia G22,0 Reviews,IN STOCK,"5 inches, IPS LCD",4GB,128GB,Android 12,,50MP + 2MP + 2MP,"8 MP, f/2.0, (wide)","Bluetooth v5.0, Wifi 8, FM Radio, 4G","5,050mAh; 20W wired, PD3.0",,,,,"Octa-core, Unisoc T606 (12 nm)",,,,,,,,,,,,,,,,,,,,,,,,,,,,,,,,,,,,,,,,,,,,,,,,,,,,,,,,,,,,"720 x 1600 pixels, 20:9 ratio (~270 ppi density)",,,,,,,,,,,,,,,,,,,,,,,,,,,,,,,,,,,,,,,,,,0 Reviews,"KSh 24,500","KSh 19,500",
2024-10-05,22:10:36,Nokia G60 5G,0 Reviews,IN STOCK,6.58-inches,"4GB, 6GB","64GB, 128GB",Android 12,,,,"Hybrid Dual SIM, 5G Band",4500 mAh,,50MP+5MP+ 2MP,8 MP,,Qualcomm Snapdragon 695 5G (6 nm),"Pure Black, Ice Gray",,,,,,,,,,,,,,,,,,,,,,,,,,,,,,,,,,,,,,,,,,,,,,,,,,,,,,,,,,,,,,,,,,,,,,,,,,,,,,,,,,,,,,,,,,,,,,,,,,,,,0 Reviews,"KSh 34,500","KSh 30,500",
2024-10-05,22:10:41,Nokia X30 5G,0 Reviews,IN STOCK,6.43-inches,8GB,256GB,Android 12,,,,"dual SIM, 4G Band",4200 mAh,,50MP+13MP,16 MP,,Qualcomm Snapdragon 695 5G,"Cloudy Blue, Ice White",,,,,,,,,,,,,,,,,,,,,,,,,,,,,,,,,,,,,,,,,,,,,,,,,,,,,,,,,,,,,,,,,,,,,,,,,,,,,,,,,,,,,,,,,,,,,,,,,,,,,0 Reviews,"KSh 65,000","KSh 58,500",
2024-10-05,22:10:46,Nokia C21 Plus,0 Reviews,,6.52 inch,2GB,,Android 11 (Go edition),,,,"Dual sim, 4G, Wi-Fi","4,000mAh",,,,,Unisoc SC9863A,"Dark Cyan, Warm Gray",,,,,,,,,,,,,,64GB,13MP + 2MP,5 MP,,,,,,,,,,,,,,,,,,,,,,,,,,,,,,,,,,,,,,,,,,,,,,,,,,,,,,,,,,,,,,,,,,,,,,,,,,,,,,,,,,,,,0 Reviews,"KSh 15,000","KSh 13,200",No Discount
2024-10-05,22:10:54,Oppo Reno 12F 4G,0 Reviews,IN STOCK,"6.67 inch, AMOLED,120Hz",8GB,,"Android 14, ColorOS 14",,,,"Dual SIM, 3G, 4G, 5G","5,000 mAh, 45W",Oppo,,,,Qualcomm SM6225 Snapdragon 685 (6 nm),"Amber Orange, Olive Green, Matte Grey",,,,,,,,,,,,,,"256GB, 512GB",50MP + 8MP + 2MP,32MP,,,,,,,,,,,,,,,,,,,,,,,,,,,,,,,,,,,,,,,,,,,,,,,,,,,,,,,,,,,,,,,,,,,,,,,,,,,,,,,,,,,,,0 Reviews,"KSh 40,000","KSh 38,500",
2024-10-05,22:10:59, Oppo Pad Neo,0 Reviews,IN STOCK,"4 inches, IPS LCD","6GB, 8GB",,,"Octa-core, Mediatek Helio G99 (6nm)",,,"4G, Wi-Fi, Bluetooth","8,000 mAh, non-removable",Oppo,,,,,Gray,,,,,,128GB,,,,,,,,,,,,,,,,,,,,,,,,,,,,,,,,,,1 x 188 x 6.9 mm (10.04 x 7.40 x 0.27 in),,,,,,,,,,,,,,,,,,,,,,,,,,,,,,,,,,,,,,,,,,,,,,,,,,,,,,,,,,,,,0 Reviews,"KSh 34,500",,No Discount
2024-10-05,22:11:04,Oppo A3x 4G,0 Reviews,IN STOCK,"6.67 inches, IPS LCD",4GB,,"Android 14, ColorOS 14","Octa-core, Qualcomm Snapdragon 6s Gen 1",8MP + Auxiliary Lens,"5 MP, f/2.2, (wide)","4G, Bluetooth 5.0, GPS, NFC, USB Type-C","5,100mAh, 45W",Oppo,,,,,,,,N/A,,,"64GB,128GB",,,,,,,,,,,,,,,,,,,,,,,,,,,,,,,,,,,,,,,,,,,,,,,,,,,,,,,,,,,,,,,,,,,,,,,,,,,,,,,,,,,,,,,,,,,,,,,0 Reviews,"KSh 15,000","KSh 18,500",
2024-10-05,22:11:10,Oppo A3 4G,0 Reviews,IN STOCK,"67 inches, IPS LCD",6GB,,"Android 14, ColorOS 14","Octa-core, Qualcomm Snapdragon 6s Gen 1",50MP + Auxiliary Lens,"5 MP, f/2.2, (wide)","4G, Bluetooth 5.0, GPS, NFC, USB Type-C","5,100mAh, 45W",Oppo,,,,,,,,N/A,,,128GB,,,,,,,,,,,,,,,,,,,,,,,,,,,,,,,,,,,,,,,,,,,,,,,,,,,,,,,,,,,,,,,,,,,,,,,,,,,,,,,,,,,,,,,,,,,,,,,0 Reviews,"KSh 24,000","KSh 29,500",
2024-10-05,22:11:15,Oppo Reno 12F 5G,0 Reviews,IN STOCK,"6.67 inch, AMOLED,120Hz","8GB, 12GB",,"Android 14, ColorOS 14",,,,"Dual sim, 3G, 4G, 5G","5000 mAh, 45W wired, PD2.0",Oppo,,,,Mediatek Dimensity 6300 (6 nm),"Olive Green, Amber Orange",,,,,,,,,,,,,,"256GB, 512GB",50MP + 8MP + 2MP,32MP,,,,,,,,,,,,,,,,,,,,,,,,,,,,,,,,,,,,,,,,,,,,,,,,,,,,,,,,,,,,,,,,,,,,,,,,,,,,,,,,,,,,,0 Reviews,"KSh 55,000","KSh 44,500",
2024-10-05,22:11:21,Oppo Reno 12 5G,0 Reviews,IN STOCK,"6.7 inch, AMOLED,120Hz","8GB, 12GB",,"Android 14, ColorOS 14.1",,,,"Dual SIM, 3G, 4G, 5G","5000 mAh, 80W",Oppo,,,,Mediatek Dimensity 7300 Energy (4 nm),"Matte Brown, Sunset Pink, Astro Silver",,,,,,,,,,,,,,"256GB,512GB",50MP + 8MP + 2MP,32MP,,,,,,,,,,,,,,,,,,,,,,,,,,,,,,,,,,,,,,,,,,,,,,,,,,,,,,,,,,,,,,,,,,,,,,,,,,,,,,,,,,,,,0 Reviews,"KSh 70,500","KSh 63,500",
2024-10-05,22:11:27,Oppo A60 4G,0 Reviews,IN STOCK,"6.67 inch, IPS LCD, 90Hz",8GB,,"Android 14, ColorOS 14",,,,"Dual SIM, 3G, 4G","5,000 mAh, 45W (50% in 30 min)",Oppo,,,,Qualcomm SM6225 Snapdragon 680 4G (6 nm),Blue and Purple,,,,,,,,,,,,,,"128GB, 256GB",50MP + 8MP,8MP,,,,,,,,,,,,,,,,,,,,,,,,,,,,,,,,,,,,,,,,,,,,,,,,,,,,,,,,,,,,,,,,,,,,,,,,,,,,,,,,,,,,,0 Reviews,"KSh 30,000","KSh 29,500",
2024-10-05,22:11:32,Oppo Reno 11 F 5G,0 Reviews,IN STOCK,"6.7 inch, AMOLED,120Hz",8GB,,"Android 14, ColorOS 14",,,,"Dual sim, 3G, 4G, 5G","5000 mAh, 67W",Oppo,,,,Mediatek Dimensity 7050 (6 nm),"Green, Blue and Pink",Warranty,UAE / Dubai,N/A,,,,,,,,,,,256GB,64MP + 8MP + 2MP,32MP,,,,,,,,,,,,,,,,,,,,,,,,,,,,,,,,,,,,,,,,,,,,,,,,,,,,,,,,,,,,,,,,,,,,,,,,,,,,,,,,,,,,,0 Reviews,"KSh 39,500","KSh 47,000",
2024-10-05,22:11:38,Oppo Reno 11 Pro 5G,0 Reviews,IN STOCK,"6.74 inch, AMOLED,120Hz",12GB,,"Android 14, ColorOS 14",,,,"Dual SIM, 3G, 4G, 5G","4,700 mAh, 67W",Oppo,,,,Qualcomm SM8475 Snapdragon 8+ Gen 1 (4 nm),"Black, Green, Silver",,,,,,,,,,,,,,512GB,50MP + 32MP + 8MP,32MP,,,,,,,,,,,,,,,,,,,,,,,,,,,,,,,,,,,,,,,,,,,,,,,,,,,,,,,,,,,,,,,,,,,,,,,,,,,,,,,,,,,,,0 Reviews,"KSh 68,000","KSh 65,000",
2024-10-05,22:11:43,Oppo Reno 11 5G,0 Reviews,IN STOCK,"6.7 inch, AMOLED, 120Hz",12GB,,"Android 14, ColorOS 14",,,,"Dual sim, 3G, 4G, 5G","4,800 mAh, 67W",Oppo,,,,Mediatek Dimensity 8200 (4 nm),"Black, Green, Silver",,,,,,,,,,,,,,256GB,50MP + 32MP + 8MP,32MP,,,,,,,,,,,,,,,,,,,,,,,,,,,,,,,,,,,,,,,,,,,,,,,,,,,,,,,,,,,,,,,,,,,,,,,,,,,,,,,,,,,,,0 Reviews,"KSh 70,500","KSh 62,500",
2024-10-05,22:11:49,Oppo A18,0 Reviews,IN STOCK,"6.56 inch, IPS LCD,90Hz",4GB,,"Android 13, ColorOS 13.1",,,,"Dual SIM, 4G, Wi-Fi","5,000 mAh",Oppo,,,,Mediatek MT6769 Helio G85 (12nm),"Glowing Black, Glowing Blue",,,N/A,,,,,,,,,,,128/64GB,8MP + 2MP,5MP,,,,,,,,,,,,,,,,,,,,,,,,,,,,,,,,,,,,,,,,,,,,,,,,,,,,,,,,,,,,,,,,,,,,,,,,,,,,,,,,,,,,,0 Reviews,"KSh 15,000","KSh 17,300",
2024-10-05,22:11:54,Oppo A58 4G,0 Reviews,IN STOCK,"6.72 inch, IPS LCD, 90Hz",8GB,,"Android 13, ColorOS 13.1",,50MP + 2MP,8MP,"Dual sim, 4G, Wi-Fi","5,000 mAh with 33W Fast Charging",Oppo,,,,"Octa-core, Mediatek MT6769 Helio G85 (12nm)",,,,,,,,,,,,,,,128GB,,,,,,,,,,,,,,,,,,,,,,,,,,,,,,,,,,,,,,,,,,,"Glowing Black, Dazzling Green",,,,,,,,,,,,,,,,,,,,,,,,,,,,,,,,,,,,,,,,,,,,0 Reviews,"KSh 27,000",,No Discount
2024-10-05,22:12:00,Oppo A98 5G,0 Reviews,IN STOCK,"6.43 inch, IPS LCD, 120Hz",8GB,,"Android 13, ColorOS 13.1",,,,"Dual sim, 4G, 5G, Wi-Fi","5,000 mAh",Oppo,,,,Qualcomm Snapdragon 695 5G,"Cool Black, Dreamy Blue, Bold Gold",,,,,,,,,,,,,,256GB,64MP + 2MP+ 2MP,32MP,,,,,,,,,,,,,,,,,,,,,,,,,,,,,,,,,,,,,,,,,,,,,,,,,,,,,,,,,,,,,,,,,,,,,,,,,,,,,,,,,,,,,0 Reviews,"KSh 45,500","KSh 39,500",
2024-10-05,22:12:05,Oppo A78 4G,0 Reviews,IN STOCK,,8GB,,"Android 13, ColorOS 13.1",,,,"Dual sim, 4G, Wi-Fi","5,000 mAh, 67W",Oppo,,,,Qualcomm SM6225 Snapdragon 680 4G (6 nm),"Mist Black, Aqua Green",,,,,,,,,,,,,,256GB,50MP + 2MP,8MP,,,,,,,,,,,,,,,,,,,,,,,,,,,,,,,,,,,,,,,,,,,,,,,,,,,,,,,,,,,,,,,,,,,,,,,,,,,,,,,,,,,,,0 Reviews,"KSh 35,000","KSh 32,500",
2024-10-05,22:12:11,Oppo A38,0 Reviews,IN STOCK,"6.56 inch, IPS LCD, 90Hz",4/6GB,,"Android 13, ColorOS 13.1",,,,"Dual sim, 4G, 5G, Wi-Fi",5000 mAh,Oppo,,,,Mediatek Helio G85,"Glowing Black, Glowing Gold",Warranty,UAE / Dubai,N/A,,,,,,,,,,,128GB,50MP + 2MP,5MP,,,,,,,,,,,,,,,,,,,,,,,,,,,,,,,,,,,,,,,,,,,,,,,,,,,,,,,,,,,,,,,,,,,,,,,,,,,,,,,,,,,,,0 Reviews,"KSh 18,500","KSh 23,700",
2024-10-05,22:12:16,Oppo Reno 10 5G,0 Reviews,IN STOCK,"6.7 inch, AMOLED,120Hz",8GB,,"Android 13, ColorOS 13",,,,"Dual sim, 3G, 4G, 5G","5000 mAh, 67W",Oppo,,,,Mediatek  Dimensity 7050,"Silvery Grey, Ice Blue",,,,,,,,,,,,,,"128GB, 256GB",64MP + 32MP + 8MP,32MP,,,,,,,,,,,,,,,,,,,,,,,,,,,,,,,,,,,,,,,,,,,,,,,,,,,,,,,,,,,,,,,,,,,,,,,,,,,,,,,,,,,,,0 Reviews,"KSh 58,000","KSh 55,000",
2024-10-05,22:12:22,Oppo Reno 10 Pro 5G,0 Reviews,IN STOCK,"6.74 inch, AMOLED, 120Hz",12GB,,"Android 13, ColorOS 13",,,,"Dual SIM, 2G, 3G, 4G, 5G","4,600 mAh, 80W",Oppo,,,,Qualcomm Snapdragon 778G 5G,"Silvery Grey, Glossy Purple",,,,,,,,,,,,,,256GB,50MP + 32MP + 8MP,32MP,,,,,,,,,,,,,,,,,,,,,,,,,,,,,,,,,,,,,,,,,,,,,,,,,,,,,,,,,,,,,,,,,,,,,,,,,,,,,,,,,,,,,0 Reviews,"KSh 68,000","KSh 65,000",
2024-10-05,22:12:27,Oppo A58,0 Reviews,IN STOCK,"6.72 inch, IPS LCD, 90Hz","6GB, 8GB",,"Android 13, ColorOS 13.1",,50MP + 2MP,,"Dual sim, 4G, Wi-Fi","5000 mAh, 33W",Oppo,,,,MediaTek Helio G85,"Glowing Black, Dazzling Green",,,N/A,,,,,,,,,,,128GB,,8MP,,,,,,,,,,,,,,,,,,,,,,,,,,,,,,,,,,,,,,,,,,,,,,,,,,,,,,,,,,,,,,,,,,,,,,,,,,,,,,,,,,,,,0 Reviews,"KSh 27,000","KSh 29,700",
2024-10-05,22:12:36,OnePlus 12 5G,,IN STOCK,"6.82 inch, LTPO AMOLED,120Hz","12GB, 16GB",,"Android 14, HyperOS",,,,"Dual SIM, 3G, 4G, 5G","5,400 mAh, 100W",OnePlus,,,,Qualcomm SM8650-AB Snapdragon 8 Gen 3 (4 nm),"Black, Green, Silver",,,N/A,,,,,,,,,,,"256GB, 512GB",50MP + 64MP + 48MP,32MP,,,,,,,,,,,,,,,,,,,,,,,,,,,,,,,,,,,,,,,,,,,,,,,,,,,,,,,,,,,,,,,,,,,,,,,,,,,,,,,,,,,,,1 Review,"KSh 95,000","KSh 90,500",
2024-10-05,22:12:41,OnePlus Nord CE4 Lite,0 Reviews,IN STOCK,"6.67 inch, AMOLED",8GB,,,,50MP + 2MP,16MP front camera,,"5,110 mAh non-removable Li-ion battery",OnePlus,,,,Qualcomm SM6375 Snapdragon 695 5G (6 nm),,,,,,"Android 14, OxygenOS 14",256GB,,,,,,,,,,,,,,,,,,,,,,,,,,,,,,,,,,,,,,,,,,,,,,,,,,,,,,,,,,,,,,,,,,,,,,,,,,,,,,,,,,,,,,,,,,,,,,,0 Reviews,"KSh 40,000","KSh 37,500",
2024-10-05,22:12:47,OnePlus Nord 4,0 Reviews,IN STOCK,,"12GB, 16GB",,Android 14 with OxygenOS 14.1,Qualcomm SM7675 Snapdragon 7+ Gen 3 (4 nm),,16MP,"5G, Bluetooth 5.4","5,500mAh, 100W",OnePlus,,,,,,,,N/A,,,"256GB, 512GB",,,,,,,,,,,,,,,,,,,,,,,,,,,,,,,,,,,,,,,,,,,,,,,,,,,,,,,50MP + 8MP,,,,,,,,,,,,,,,,,,,,,,,,,,,,,,,,,,,,,,,,0 Reviews,"KSh 54,000","KSh 62,500",
2024-10-05,22:12:52,OnePlus Buds 2 Pro,0 Reviews,IN STOCK,,,,,,,,,39 Hours of Playback,OnePlus,,,,,"Arbor Green, Misty White, and Obsidian Black",,,,,,,,,,,,,,,,,,,,,,,,,,,,,,,,,,,,,supported,,,,Yes,,,,,,,,,,,,,,,,,,,,,11 mm woofer and a 6 mm,Supported,IP5 Rating,HeyMelody App,,,,,,,,,,,,,,,,,,,,,,,,,,,,,,,,,,,,0 Reviews,"KSh 26,000","KSh 25,800",
2024-10-05,22:12:58,OnePlus Nord N30 SE,0 Reviews,IN STOCK,"6.72 inches, IPS LCD",4GB,128 GB,"Android 13, OxygenOS 13.1",,,,"Dual SIM, 5G, Wi-Fi","5000 mAh, 33W",OnePlus,50MP + 2 MP,8MP,,Mediatek Dimensity 6020 (7 nm),"Black Satin, Cyan",,,,,,,,,,,,,,,,,,,,,,,,,,,,,,,,,,,,,,,,,,,,,,,,,,,,,,,,,,,,,,,,,,,,,,,,,,,,,,,,,,,,,,,,,,,,,,,,,,,,,0 Reviews,"KSh 23,000","KSh 21,000",
2024-10-05,22:13:04,OnePlus Nord CE4 5G,0 Reviews,IN STOCK,It features a 6.74-inch AMOLED,"8GB, 12GB",,,,50MP + 8MP,16MP front camera,,"5,500 mAh non-removable Li-ion battery",OnePlus,,,,Qualcomm Snapdragon 7+ Gen 3 (4 nm),,,,N/A,,"Android 14, ColorOS 14",256gb,,,,,,,,,,,,,,,,,,,,,,,,,,,,,,,,,,,,,,,,,,,,,,,,,,,,,,,,,,,,,,,,,,,,,,,,,,,,,,,,,,,,,,,,,,,,,,,0 Reviews,"KSh 46,500","KSh 43,000",
2024-10-05,22:13:09,OnePlus Buds 3,0 Reviews,IN STOCK,,,,,,,,Bluetooth v5.3,up to 44Hours Playback,OnePlus,,,,,,,,SM-R510NLVAXAR-1-1-1-2,,,,,,,,,,,,,,,,,,,,,,,,,,,,,,,4mm woofer + 6mm tweeter,Touch,,,,Earbuds-4.8g; charging case-40.8g,,up to 49 Db,,,,,,,,,,,,,,,,,,,,,,,,,with LHDC 5.0,IP55,,,,,,,,,,,,,,,,,,,,,,,,,,,,,,,,,,0 Reviews,"KSh 13,000","KSh 11,200",
2024-10-05,22:13:15,OnePlus Nord Buds 2r,0 Reviews,,,,,,,,,Bluetooth 5.3,38 Hours of playtime,OnePlus,,,,,"Triple Blue, Deep Grey",,,SM-R510NLVAXAR-1-1-1,,,,,,,,,,,,,,,,,,,,,,,,,,,,,,,,,,,,,,Not supported,,,,,,,,,,,,,,,,,,,,,2*12.4mm,,,HeyMelody App,,,dual Mics and AI Call Algorithm,IP55 rating,Dolby Atmos and Dirac Audio Tuner,,,,,,,,,,,,,,,,,,,,,,,,,,,,,,,0 Reviews,"KSh 7,000",,No Discount
2024-10-05,22:13:21,OnePlus Ace 3,0 Reviews,IN STOCK,"6.78 inch, LTPO AMOLED, 1B colors, 120Hz, HDR10+, Dolby Vision","12GB, 16GB",,"Android 14, ColorOS 14",,,,"Dual SIM, 3G, 4G, 5G","5,500 mAh, 100W",OnePlus,,,,Qualcomm SM8550-AB Snapdragon 8 Gen 2 (4 nm),"Star Black, Moon Sea Blue, and Rose Gold.",,,,,,,,,,,,,,"256GB, 512GB, 1TB",50MP + 8MP + 2MP,16MP,,,,,,,,,,,,,,,,,,,,,,,,,,,,,,,,,,,,,,,,,,,,,,,,,,,,,,,,,,,,,,,,,,,,,,,,,,,,,,,,,,,,,0 Reviews,"KSh 90,000","KSh 78,500",
2024-10-05,22:13:27,OnePlus Ace 2 Pro,0 Reviews,IN STOCK,"6.74 inches, AMOLED, 120Hz, HDR10+",24 GB,,"Android 13, ColorOS 13.1",,50MP + 8MP+ 2MP,16 MP,"Dual SIM, 5G, Wi-Fi","5,000 mAh, 150W wired",OnePlus,,,,Snapdragon 8 Gen 2,"Aurora Green, Titanium Gray",,,,,,,,,,,,,,1 TB,,,,,,,,,,,,,,,,,,,,,,,,,,,,,,,,,,,,,,,,,,,,,,,,,,,,,,,,,,,,,,,,,,,,,,,,,,,,,,,,,,,,,,,0 Reviews,"KSh 102,000","KSh 99,000",
2024-10-05,22:13:32,OnePlus Open,0 Reviews,IN STOCK,Main Display: 7.82 inches; Cover Display: 6.31 inches,16GB,,,,48MP + 64MP + 48 MP,2OMP ultrawide); Cover Camera 32MP (ultrawide),,"4805mAh, 67W wired, PD, 1-100% in 42 min",OnePlus,,,,"Octa-core, Qualcomm SM8550-AB Snapdragon 8 Gen 2 (4 nm) SoC",,,,,,,512GB,,,,,,,,,,,,,,"5G, HSPA, LTE-A (CA), 5G speed",,,,,,,,,,,,,,,,,,,,,,,,,"Fingerprint (side-mounted), accelerometer, gyro, proximity, compass",,,,,,,,,,,"Emerald Dusk, Voyager Black",,,,,,,,,,,,,,,,,,,,,,,,,,,,,,,,,,,,,,,,,,,,,0 Reviews,"KSh 220,000","KSh 185,000",
2024-10-05,22:13:38,OnePlus 12R,0 Reviews,IN STOCK,"6.78 inches, Fluid AMOLED, 120Hz, HDR10+","12GB,16GB",,"Android 14, OxygenOS 14",,,,"Dual SIM, 5G, Wi-Fi","5,500 mAh, 100W fast charger.",OnePlus,,,,"Octa-core, Qualcomm SM8550-AB Snapdragon 8 Gen 2 (4 nm)",Iron Gray and Cool Blue,,,N/A,,,,,,,,,,,,50MP + 8MP+ 2MP,16 MP,,,,,256GB,,,,,,,,,,,,,,,,,,,,,,,,,,,,,,,,,,,,,,,,,,,,,,,,,,,,,,,,,,,,,,,,,,,,,,,,,,,,,,,,0 Reviews,"KSh 65,000","KSh 67,000",
2024-10-05,22:13:43,OnePlus Nord CE 3 Lite 5G,0 Reviews,IN STOCK,"6.72 inches, IPS LCD, 120Hz",8GB,"128GB, 256GB","Android 13, OxygenOS 13.1",,,,"Dual sim, 5G, Wi-Fi","5000 mAh, 33W",OnePlus,108MP + 2 MP + 2 MP,16 MP,,Qualcomm Snapdragon 695 5G,"Pastel Lime, Chromatic Gray",,,N/A,,,,,,,,,,,,,,,,,,,,,,,,,,,,,,,,,,,,,,,,,,,,,,,,,,,,,,,,,,,,,,,,,,,,,,,,,,,,,,,,,,,,,,,,,,,,,,,,,,0 Reviews,"KSh 26,000","KSh 30,000",
2024-10-05,22:13:49,OnePlus Nord 3,0 Reviews,IN STOCK,6.74 inch,16GB,256GB,"Android 13, OxygenOS 13.1",,,,"Dual sim, 5G, Wi-Fi 6",5000 mAh,OnePlus,50 MP + 8 MP + 2 MP,16 MP,,MediaTek Dimensity 9000,"Misty Green, Tempest Gray",,,N/A,,,,,,,,,,,,,,,,,,,,,,,,,,,,,,,,,,,,,,,,,,,,,,,,,,,,,,,,,,,,,,,,,,,,,,,,,,,,,,,,,,,,,,,,,,,,,,,,,,0 Reviews,"KSh 62,000","KSh 51,000",
2024-10-05,22:13:54,OnePlus Pad,0 Reviews,IN STOCK,11.61 inches,8GB,128GB,"Android 13, OxygenOS 13.1",,,,Wi-Fi,"9510 mAh, 67W wired",OnePlus,13 MP,8 MP,,Mediatek Dimensity 9000,Halo Green,,,,,,,,,,,,,,,,,,,,,,,,,,,,,,,,,,,,,,,,,,,,,,,,,,,,,,,,,,,,,,,,,,,,,,,,,,,,,,,,,,,,,,,,,,,,,,,,,,,,,0 Reviews,"KSh 75,000","KSh 65,000",
2024-10-05,22:14:00,OnePlus Buds Z,0 Reviews,,,,,,,,,,,OnePlus,,,,,,,,5481100053,,,,,,,,,,,,,,,,,,,,,,,,,,,,,,,,,,,,,,,,,,,,,,,,,,,,,,,,,,,,,,,,,,,,,,,,,,,,,,,,,,,,,,,,,,,,,,,,,,0 Reviews,"KSh 8,500",,No Discount
2024-10-05,22:14:06,OnePlus 30W Warp Charger,0 Reviews,IN STOCK,,,,,,,,,,OnePlus,,,,,,,,,,,,,,,,,,,,,,,,,,,,,,,White,,,,,,,,,,,,,,,,,,,,,,,,,,,,,,,,,,,,,,,,,,,,,100-240V~50/60Hz 1.2A,5V=2A/5V=6A max,50/60 Hz,,,,,,,,,,,,,,,,,,,,,,,,,,,,0 Reviews,"KSh 6,500","KSh 5,500",
2024-10-05,22:14:12,OnePlus Buds,0 Reviews,IN STOCK,,,,,,,,,,OnePlus,,,,,,,,,,,,,,,,,,,,,,,,,,,,,,,"White, Gray, Nord Blue",,,,,,,,,,,,,,,,,,,,,,,,,,,,,,,,,,,,,,,,,,,,,,,,Wireless,Bluetooth 5.0,Yes,Yes,In-Ear,35mAh,430mAh,,,,,,,,,,,,,,,,,,,,,0 Reviews,"KSh 14,500","KSh 13,500",
2024-10-05,22:14:19,Realme Note 50,0 Reviews,IN STOCK,"6.74 inches, IPS LCD, 90Hz","3GB, 4GB",,"Android 13, Realme UI T",,,,"Dual SIM, 4G, Wi-Fi","5,000 mAh",,,,,Unisoc Tiger T612 (12 nm),"Sky Blue, Midnight Black",,,N/A,,,,,,,,,,,"64GB, 128GB, 256GB",13 MP + 0.03 MP,5 MP,,,,,,,,,,,,,,,,,,,,,,,,,,,,,,,,,,,,,,,,,,,,,,,,,,,,,,,,,,,,,,,,,,,,,,,,,,,,,,,,,,,,,0 Reviews,"KSh 12,300","KSh 15,500",
2024-10-05,22:14:24,Realme C67 4G,0 Reviews,IN STOCK,"6.72 inches, IPS LCD","8GB, 256GB",,,Qualcomm Snapdragon 685,108MP + 2MP,8 MP,4G,"5,000 mAh, non-removable",,,,,,,,,,,,128GB,,,,,,,,,,,,,,,,,,,,,,,,,,,,,,,,,,,,,,,,,,,,,,,,,,,,,,,,,,,,,,,,,,,,,,,,,,,,,,,,,,,,,,,,,,,,,,,0 Reviews,"KSh 28,000","KSh 26,000",
2024-10-05,22:14:30,Realme C51,0 Reviews,IN STOCK,"6.74 inches, IPS LCD, 90Hz",4GB,,"Android 13, Realme UI T",,,,"Dual SIM, 4G, Wi-Fi","5,000 mAh, 33W wired",,,,,Unisoc Tiger T612,Mint Green and Carbon Black,,,,,,,,,,,,,,128GB,50 MP + 0.03 MP,5 MP,,,,,,,,,,,,,,,,,,,,,,,,,,,,,,,,,,,,,,,,,,,,,,,,,,,,,,,,,,,,,,,,,,,,,,,,,,,,,,,,,,,,,0 Reviews,"KSh 19,800","KSh 16,000",
2024-10-05,22:14:35,Realme C53,0 Reviews,IN STOCK,"6.72 inches, IPS LCD, 90Hz","6GB,8GB",,"Android 13, Realme UI T",,,,"Dual sim, 4G, Wi-Fi","5000 mAh, 33W wired,",,,,,Unisoc Tiger T612,"Champion Gold, Mighty Black",,,,,,,,,,,,,,"128GB, 256GB",50 MP + 2 MP,8 MP,,,,,,,,,,,,,,,,,,,,,,,,,,,,,,,,,,,,,,,,,,,,,,,,,,,,,,,,,,,,,,,,,,,,,,,,,,,,,,,,,,,,,0 Reviews,"KSh 24,000","KSh 21,000",
2024-10-05,22:14:41,Realme 10,0 Reviews,IN STOCK,"6.4 inches, Super AMOLED, 90Hz",8GB,,"Android 12, Realme UI 3.0",,,,"Dual SIM, 4G, Wi-Fi","5,000 mAh, 33W Wired fast charger",,,,,MediaTek Helio G99,White and Blue,,,,,,,,,,,,,,256GB,50MP + 2 MP,"16 MP, f/2.5",,,,,,,,,,,,,,,,,,,,,,,,,,,,,,,,,,,,,,,,,,,,,,,,,,,,,,,,,,,,,,,,,,,,,,,,,,,,,,,,,,,,,0 Reviews,"KSh 35,000","KSh 33,500",
2024-10-05,22:14:46,Realme C55,0 Reviews,IN STOCK,"6.72 inches, IPS LCD, 90Hz","6GB, 8GB",,"Android 13, Realme UI 4.0",,,,"Dual sim, 4G, Wi-Fi",5000 mAh,,,,,Mediatek Helio G88,"Sun Shower, Rainy Night, Rainforest",,,N/A,,,,,,,,,,,"128GB, 256GB",64 MP + 2 MP,8 MP,,,,,,,,,,,,,,,,,,,,,,,,,,,,,,,,,,,,,,,,,,,,,,,,,,,,,,,,,,,,,,,,,,,,,,,,,,,,,,,,,,,,,0 Reviews,"KSh 29,500","KSh 28,500",
2024-10-05,22:14:52,Realme C30s,,IN STOCK,6.5 inch,"2GB, 3GB, 4GB",,Android 11,,8MP,,"Dual SIM, supporting up to 4G","5,000 mAh",,,,,Unisoc Tiger T612 (12 nm),"Stripe Blue, Stripe Black",,,N/A,,,"32GB, 64GB",,,,,,,,,,,,5MP,,,,,,,,,,,,,,,,,,,,,,,,,,,,,,,,,,,,,,,,,,,,,,,,,,,,,,,,,,,,,,,,,,,,,,,,,,,,,,,,,,,1 Review,"KSh 11,500","KSh 12,500",
2024-10-05,22:14:58,Realme Pad Wi-Fi Only,0 Reviews,IN STOCK,"10.4 inches, IPS LCD",3GB,32GB,Android 11,,,,"4G, Nano-SIM, Wi-Fi","7100 mAh, 18W",,8 MP,"8 MP, 105˚ (ultrawide)",,Mediatek MT6769V/CU Helio G80,"Gray, Gold",,,RMP2102-1,,,,,,,,,,,,,,,,,,,,,,,,,,,,,,,,,,,,,,,,,,,,,,,,,,,,,,,,,,,,,,,,,,,,,,,,,,,,,,,,,,,,,,,,,,,,,,,,,,0 Reviews,"KSh 22,000","KSh 20,800",
2024-10-05,22:15:03,Realme Pad,0 Reviews,IN STOCK,"10.4 inches, IPS LCD","3GB, 4GB, 6GB","32GB, 64GB, 128GB",Android 11,,,,"4G, Nano-SIM, Wi-Fi","7100 mAh, 18W",,8 MP,"8 MP, 105˚ (ultrawide)",,Mediatek MT6769V/CU Helio G80,"Gray, Gold",,,RMP2102,,,,,,,,,,,,,,,,,,,,,,,,,,,,,,,,,,,,,,,,,,,,,,,,,,,,,,,,,,,,,,,,,,,,,,,,,,,,,,,,,,,,,,,,,,,,,,,,,,0 Reviews,"KSh 22,000","KSh 31,000",
2024-10-05,22:15:11,Tecno Camon 30S Pro,0 Reviews,IN STOCK,6.78-inch AMOLED,8GB,,"Android 14, up to 2 major Android upgrades, HIOS 14",Octa-core Mediatek Helio G100 (6 nm),50MP+2MP+Auxiliary lens camera,50MP,"4G, Bluetooth, WIFI, USB-C","5,000mAh, 45W wired, 0-100% in 45 minutes.",Tecno,,,,,,,,,,,256GB,,"Interstellar Grey, Pearl Gold, Shim Silver Green",,,,,,,,,,,,,,,,,,,,,,,,,,,,,,,,,,,,,,,,,,,,,,,,,,,,,,,,,,,,,,,,,,,,,,,,,,,,,,,,,,,,,,,,,,,,,0 Reviews,"KSh 36,500","KSh 32,000",
2024-10-05,22:15:16,Tecno Phantom V Fold 2,0 Reviews,IN STOCK,,12GB,512GB,"Android 14, up to 2 major Android upgrades, HiOS 14 Fold","Octa-core, Mediatek Dimensity 9000+ (4 nm)",50MP+50MP+50MP,,"5G, Bluetooth v5.3, Wi-Fi, GPS, 2 SIM","5750mAh, 70W wired (1-50% in 20 min, 100% in 49 min)",Tecno,,,,,,,,,32MP,,,,Rippling Blue with eco-friendly leather and Karst Green,,,,,,,,,,32MP,,,,,,,,,,,,,,,,,,,,,,,,,,,,,,,,,,,,,,,,,,,,,,,,,,,,,,,,,,,,,,,7.85 LTPO AMOLED,6.42 inches,,,,,,,,,,,,,,,,,,,0 Reviews,"KSh 135,000","KSh 126,000",
2024-10-05,22:15:22,Tecno Phantom V Flip 2,0 Reviews,IN STOCK,,8GB,256GB,"Android 14, HIOS 14",,,,"Dual SIM, 2G, 3G, 4G, 5G, Wi-Fi",4720 mAh,Tecno,50MP + 50MP,32 MP,3.64 inches,Mediatek Dimensity 8020 (6 nm),"Gray, Green",,,,,,,,,,,,,,,,,,,,,,,,,,,,,,,,,,,,,,,,,,,,,,,,,,,,,,,,,,"6.9 inches LTPO AMOLED, 120Hz",,,,,,,,,,,,,,,,,,,,,,,,,,,,,,,,,,,,,,,,,,,0 Reviews,"KSh 84,000","KSh 78,500",
2024-10-05,22:15:28,Tecno Pop 9,0 Reviews,IN STOCK,"6.67 inches, IPS LCD","3GB, 4GB",,Android 14 (Go edition),,,,"Dual SIM, 4G, Wi-Fi","5,000 mAh",Tecno,,,,Unisoc T615 (12 nm),"Startrail Black, Glittery White",,,N/A,,,"64 GB, 128GB",,,,,,,,,13 MP + 0.08 MP,8 MP,,,,,,,,,,,,,,,,,,,,,,,,,,,,,,,,,,,,,,,,,,,,,,,,,,,,,,,,,,,,,,,,,,,,,,,,,,,,,,,,,,,,,0 Reviews,"KSh 11,800","KSh 12,800",
2024-10-05,22:15:33,Tecno Spark 30C,0 Reviews,IN STOCK,"6.67-inch, IPS LCD, 120Hz",4GB,,Android 14,,50MP + Auxiliary Lens,8MP,,"Li-Po 5000 mAh, 18W",Tecno,,,,Octa-core MediaTek G81,,,,,,,128 GB,,"Orbit Black, Orbit White, Magic Skin 3.0",,,,,,,,,,,,,,,,,,,,,,,,,,,,,,,,,,,,,,,,,,,,,,,,,,,720 x 1600 pixels,,,,,,,,,,,,,,,,,,,,,,,,,,,,,,,,,,,,,,,,,,0 Reviews,"KSh 18,000","KSh 14,500",
2024-10-05,22:15:40,Tecno Spark 30,0 Reviews,IN STOCK,6.78-inch FHD,8GB,128/256GB,Android 14,,64MP,,"4G, NFC, Infrared, Bluetooth, Wi-Fi","5,000mAh",Tecno,,,,,,,,N/A,,,,,,,,,,,,,,,13MP,,,,,,,,,,,,,,,,,,,,,,,,,,,,,,,,,,,,,,,,,,,,,,,,,,,,,,,,,,,,,,,,,MediaTek Helio G91,,,,,,,,,,,,,,,,,,0 Reviews,"KSh 17,500","KSh 20,300",
2024-10-05,22:15:46,Tecno Camon 30 Premier,0 Reviews,IN STOCK,"6.77-inches, AMOLED, 120 Hz",12GB,,Android 14 with HiOS 14,,50MP + 50MP + 50MP,50MP,5G,"5,000mAh, 70W",Tecno,,,,MediaTek 8200 Ultimate,,,,,,,512GB,,,,,,,,,,,,,,,,,,,,,,,,,,,,,,,,,,,,,,,,,,,,,,,,,,,,,,,,,,,,,,,,,,,,,,,,,,,,,,,,,,,,,,,,,,,,,,,0 Reviews,"KSh 71,500","KSh 69,500",
2024-10-05,22:15:53,Tecno Pova 6 Neo 4G,0 Reviews,IN STOCK,"6.78-inches, IPS LCD",8 GB,,"Android 14, HIOS 14",Mediatek Helio G99 Ultimate (6nm),"50 MP, (wide), PDAF",8MP,"4G, WI-FI, NFC","7,000mAh, 33W",Tecno,,,,,"Starry Silver, Speed Black, Comet Green",,,,,,"128 / 256GB, No MicroSD (supported)",,,,,,,,,,,,,,,,,,,,,,,,,,,,,,,,,,,,,,,,,,,,,,,,,,,,,,,,,,,,,,,,,,,,,,,,,,,,,,,,,,,,,,,,,,,,,,,0 Reviews,"KSh 30,000","KSh 26,500",
2024-10-05,22:15:59,Tecno Camon 30 5G,0 Reviews,,"6.78-inches, AMOLED, 120 Hz",8GB /12GB,,Android 14 with HiOS 14,,50MP+2MP+ 0.08 MP,50MP,5G,"5,000mAh, 70W",Tecno,,,,Mediatek Dimensity 7020 (6 nm),,,,,,,"256GB, 512GB",,,,,,,,,,,,,,,,,,,,,,,,,,,,,,,,,,,,,,,,,,,,,,,,,,,,,,,,,,,,,,,,,,,,,,,,,,,,,,,,,,,,,,,,,,,,,,,0 Reviews,"KSh 48,500","KSh 47,500",No Discount
2024-10-05,22:16:05,Tecno Camon 30,,IN STOCK,"6.78-inches, AMOLED, 120 Hz",8GB/12GB,,Android 14 with HiOS 14,,50MP+2MP,50MP,4G,"5,000mAh, 70W",Tecno,,,,Mediatek Helio G99 Ultimate,,,,,,,256GB,,,,,,,,,,,,,,,,,,,,,,,,,,,,,,,,,,,,,,,,,,,,,,,,,,,,,,,,,,,,,,,,,,,,,,,,,,,,,,,,,,,,,,,,,,,,,,,1 Review,"KSh 31,500","KSh 30,500",
2024-10-05,22:16:11,Tecno Spark 20 Pro Plus,0 Reviews,IN STOCK,"6.82-inch, AMOLED, 120Hz",8GB,,Android 13,,108MP AI Lens,32MP,,"Li-Po 5,000mAh, 44W",Tecno,,,,Octa-core Mediatek Helio G99 (6nm),,,,,,,256GB,,,,,,,,,,,,,,,,,,,,,,,,,,,,,,,,,,,,,,,,,,,,,,,,,,,,,1080 x 2460 pixels (~396 ppi density),,,,,,,,,,,,,,,,,,,,,,,,,,,,,,,,,,,,,,,,,,0 Reviews,"KSh 30,000","KSh 29,500",
2024-10-05,22:16:17,Tecno Spark 20 Pro,0 Reviews,IN STOCK,"6.78-inch, IPS LCD, 90Hz",8GB,,Android 13,,"108MP + 0,08MP",32MP,,"Li-Po 5,000 mAh, 33W",Tecno,,,,Octa-core Mediatek Helio G99 (6nm),,,,,,,256GB,,,,,,,,,,,,,,,,,,,,,,,,,,,,,,,,,,,,,,,,,,,,,,,,,,,,,1080 x 2460 pixels (~396 ppi density),,,,,,,,,,,,,,,,,,,,,,,,,,,,,,,,,,,,,,,,,,0 Reviews,"KSh 24,500","KSh 23,500",
2024-10-05,22:16:23,Tecno Spark 20,0 Reviews,IN STOCK,"6.56-inch, IPS LCD, 90Hz",8GB,,Android 13,,"50 MP, f/1.6, (wide), 0.64µm, PDAF",32MP,,"Li-Po 5,000 mAh, 18W",Tecno,,,,Octa-core Mediatek MT6769Z Helio G85 (12nm),,,,N/A,,,256GB,,,,,,,,,,,,,,,,,,,,,,,,,,,,,,,,,,,,,,,,,,,,,,,,,,,,,"720 x 1612 pixels, 20:9 ratio (~267 ppi density)",,,,,,,,,,,,,,,,,,,,,,,,,,,,,,,,,,,,,,,,,,0 Reviews,"KSh 16,500","KSh 19,500",
2024-10-05,22:16:29,Tecno Spark 20C,0 Reviews,IN STOCK,"6-inch, IPS LCD, 90Hz",4GB,,Android 13,,50MP + 0.08MP,8MP,,"Li-Po 5000 mAh, 18W",Tecno,,,,Octa-core MediaTek,,,,,,,256GB,,,,,,,,,,,,,,,,,,,,,,,,,,,,,,,,,,,,,,,,,,,,,,,,,,,,,720 x 1612 pixels,,,,,,,,,,,,,,,,,,,,,,,,,,,,,,,,,,,,,,,,,,0 Reviews,"KSh 17,000","KSh 16,000",
2024-10-05,22:16:35,Tecno Pop 8,0 Reviews,IN STOCK,"6.6 inches, IPS LCD","3GB, 4GB",,Android 13 (Go edition),,,,"Dual SIM, 4G, Wi-Fi","5,000 mAh",Tecno,,,,Octa-core Unisoc T606 (12 nm),"Mystery White, Alpenglow Gold, Magic Skin, Gravity Black",,,N/A,,,"64 GB, 128GB",,,,,,,,,13 MP + 0.08 MP,8 MP,,,,,,,,,,,,,,,,,,,,,,,,,,,,,,,,,,,,,,,,,,,,,,,,,,,,,,,,,,,,,,,,,,,,,,,,,,,,,,,,,,,,,0 Reviews,"KSh 12,500","KSh 11,800",
2024-10-05,22:16:41,Tecno Phantom V Flip,0 Reviews,IN STOCK,,8GB,256GB,"Android 13, HIOS 13.5",,,,"Dual SIM, 2G, 3G, 4G, 5G, Wi-Fi","4,000mAh",Tecno,64MP + 13MP,32MP Cover lens,32 inches,Mediatek Dimensity 8050 (6 nm),"Iconic Black, Mystic Dawn",,,,,,,,,,,,,,,,,,,,,,,,,,,,,,,,,,,,,,,,,,,,,,,,,,,,,,,,,,6.9 inches (~84.6% screen-to-body ratio),,,,,,,,,,,,,,,,,,,,,,,,,,"Foldable LTPO AMOLED, 120Hz, 1000 nits (peak)",,,,,,,,,,,,,,,,,0 Reviews,"KSh 102,000","KSh 78,500",
2024-10-05,22:16:46,Tecno Camon 20 Pro 5G,0 Reviews,IN STOCK,"6.67 inches, AMOLED, 120Hz",8 GB,256GB,"Android 13, HIOS 13",,64MP + 2MP + 2MP,,"Dual Sim, 3G, 4G, 5G, Wi-Fi","5000 mAh, 33W wired",Tecno,,,,Mediatek Dimensity 8050,"Black, Blue",,,,,,,,,,,,,,,,,,32MP,,,,,,,,,,,,,,,,,,,,,,,,,,,,,,,,,,,,,,,,,,,,,,,,,,,,,,,,,,,,,,,,,,,,,,,,,,,,,,,,,,,0 Reviews,"KSh 30,500","KSh 27,500",
2024-10-05,22:16:52,Tecno Camon 20 Premier 5G,0 Reviews,IN STOCK,"6.67 inches, AMOLED, 120Hz",8 GB,512  GB,"Android 13, HIOS 13",,,,"Dual sim, 3G, 4G, 5G, Wi-Fi",5000 mAh,Tecno,108 MP + 50 MP + 2 MP,32 MP,,Mediatek Dimensity 8050 (6 nm),"Dark Welkin, Serenity Blue",,,,,,,,,,,,,,,,,,,,,,,,,,,,,,,,,,,,,,,,,,,,,,,,,,,,,,,,,,,,,,,,,,,,,,,,,,,,,,,,,,,,,,,,,,,,,,,,,,,,,0 Reviews,"KSh 55,000","KSh 47,000",
2024-10-05,22:16:58,Tecno Camon 20 Pro 4G,,,"6.67 inches, AMOLED, 120Hz",8 GB,"128GB, 256GB","Android 13, HIOS 13",,64MP + 2MP + 2MP,,"Dual Sim, 3G, 4G, Wi-Fi","5000 mAh, 33W wired",Tecno,,,,Mediatek Helio G99,"Predawn Black, Serenity Blue, Doodle edition",,,,,,,,,,,,,,,,,,32MP,,,,,,,,,,,,,,,,,,,,,,,,,,,,,,,,,,,,,,,,,,,,,,,,,,,,,,,,,,,,,,,,,,,,,,,,,,,,,,,,,,,1 Review,"KSh 45,000","KSh 29,500",No Discount
2024-10-05,22:17:04,Tecno Pop 7,0 Reviews,IN STOCK,6.6 inches,2GB,,"Android 12, HIOS 12",,,,"Dual sim, 4G, Wi-Fi",5000 mAh,Tecno,,,,Mediatek MT6761 Helio A22,"Endless Black, Capri Blue",,,,,,,,,,,,,,64 GB,8 MP + QVGA,5 MP,,,,,,,,,,,,,,,,,,,,,,,,,,,,,,,,,,,,,,,,,,,,,,,,,,,,,,,,,,,,,,,,,,,,,,,,,,,,,,,,,,,,,0 Reviews,"KSh 14,500","KSh 12,000",
2024-10-05,22:17:09,Tecno Phantom V Fold,2 Reviews,IN STOCK,"7.85 inches foldable display, 6.42 inches folded display",12GB,256GB /  512GB,"Android 13, HiOS 13 Fold",,,,"Dual sim, 2G, 3G, 4G, 5G, Wi-Fi","5,000 mAh",Tecno,50MP + 50MP +13MP,"16MP, 32MP Cover lens",6.52 inches,Mediatek Dimensity 9000+ (4 nm),"Black, White",,,N/A,,,,,,,,,,,,,,,,,,,,,,,,,,,,,,,,,,,,,,,,,,,,,,,,,,,,,,,,,,,,,,,,,,,,,,,,,,,,,,,,,,,,,,,,,,,,,,,,,,2 Reviews,"KSh 119,000","KSh 130,500",
2024-10-05,22:17:15,Tecno Phantom X2,0 Reviews,IN STOCK,"6.8 inches, AMOLED, 120Hz,",8GB,256GB,"Android 12, HIOS 12",,,,"Dual sim, 4G, 5G, Wi-Fi",5160 mAh,Tecno,64 MP + 13 MP + 2 MP,32 MP,,MediaTek Dimensity 9000,"Stardust Gray, Moonlight Silver",,,,,,,,,,,,,,,,,,,,,,,,,,,,,,,,,,,,,,,,,,,,,,,,,,,,,,,,,,,,,,,,,,,,,,,,,,,,,,,,,,,,,,,,,,,,,,,,,,,,,0 Reviews,"KSh 75,000","KSh 50,500",
2024-10-05,22:17:21,Tecno Phantom X2 Pro 5G,0 Reviews,IN STOCK,"6.8 inches, AMOLED, 120Hz,",12GB,256GB,"Android 12, HIOS 12",,,,"Dual sim, 4G, 5G, Wi-Fi",5160 mAh,Tecno,50 MP + 50 MP + 13 MP,32 MP,,MediaTek Dimensity 9000,"Stardust Gray, Mars Orange",,,,,,,,,,,,,,,,,,,,,,,,,,,,,,,,,,,,,,,,,,,,,,,,,,,,,,,,,,,,,,,,,,,,,,,,,,,,,,,,,,,,,,,,,,,,,,,,,,,,,0 Reviews,"KSh 90,500","KSh 65,500",
2024-10-05,22:17:27,Vivo V40 5G,0 Reviews,IN STOCK,6.78 inches,12GB,,"Android 14, Funtouch 14",Qualcomm SM7550-AB Snapdragon 7 Gen 3 (4 nm),50MP+50MP,,"5G, Bluetooth 5.4, NFC, GPS, NFC","5500mAh, 80W",,,,,,,,,,,,256GB,,,,,,,,,,,,50MP,,,,,,,,,,,,,,,,,,,,,,,,,,,,,,,,,,,,,,,,,,,,,,,,,,,,,,,,,,,,,,,,,,,,,,,,,,,,,,,,,,,0 Reviews,"KSh 65,000","KSh 60,000",
2024-10-05,22:17:32,Vivo Y28 4G,0 Reviews,IN STOCK,"6.68 inches, IPS LCD","6GB, 8GB.","128GB, 256GB; expandable via microSD card (shared)","Android 14, Funtouch 14",,,,"Dual SIM, 4G, Wi-Fi, Bluetooth, GPS","6,000 mAh, 44W charging",,,,,Mediatek Helio G85 (12 nm),"Agate Green, Gleaming Orange",,,N/A,,,,,,,,,,,,"50MP + 2MP rear, 8MP front lens",,,,,,,,,,,,,,,,,,,,,,,,,,,,,,,,,,,,,,,,,,,,,,,,,,,,,,,,,,,,,,,,,,,,,,"USB Type-C, OTG",,,,,,,,,,,,,,,,0 Reviews,"KSh 22,500","KSh 24,800",
2024-10-05,22:17:38,Vivo Y18 4G,0 Reviews,IN STOCK,"6.56 inches, IPS LCD, 840 nits (HBM)",4/6/8 GB,128GB/256GB,"Android 14, Funtouch 14",Mediatek Helio G85 (12 nm),,,"Dual SIM, 3G, 4G, Wi-Fi",,,50 MP + 0.08 MP,8 MP,,,"Mocha Brown, Wave Aqua",,,N/A,,,,,,,,,,,,,,,,,,,,,,,,,,,,,,,,,,,,,,,,,,,,,,,,,,,,,,,,,,,,,,,,,,,,,,,,,,,,,,,,,,,,,,,,,,,,,,,,,,0 Reviews,"KSh 20,000","KSh 18,500",
2024-10-05,22:17:44,Vivo Y03,0 Reviews,IN STOCK,"6.56 inches, IPS LCD",4GB,"64GB, 128GB","Android 14, Funtouch 14",,,,"Dual SIM, 4G, Wi-Fi, Bluetooth, GPS","5,000mAh, 15W charging",,,,,Mediatek Helio G85 (12nm),"Space Black, Gem Green",,,N/A,,,,,,,,,,,,"13MP + 0.08MP rear, 5MP front lens",,,,,,,,,,,,,,,,,,,,,,,,,,,,,,,,,,,,,,,,,,,,,,,,,,,,,,,,,,,,,,,,,,,,,,"USB Type-C, OTG",,,,,,,,,,,,,,,,0 Reviews,"KSh 13,700","KSh 15,500",
2024-10-05,22:17:49,Vivo V30 Lite,0 Reviews,IN STOCK,"1 Billion Colors, 1300 nits",16GB RAM (8GB + 8GB ),,,,,,,5000 mAh – Type C 80W,,,,,685 Snapdragon® (6nm),,,,,,,,,,,,50MP Wide OIS + 8MP Ultra Wide,,,256GB ROM,,,,Selfie Group 50MP,,,,,,,,"Breeze Green, Crystal Black",,,,,,,,,,,,,,,,,,,,,,,,,,,,,,,,,,,,,,,,,,,,,,,,,,,,,,,,,,,,6.67” AMOLED – 2400×1080,"60 Hz, 120 Hz",In-display Optical Fingerprint Sensor,,,,,,,,,,,,,0 Reviews,"KSh 35,500","KSh 33,500",
2024-10-05,22:17:55,Vivo V30 5G,0 Reviews,IN STOCK,"6.78 inches, AMOLED","8GB, 12GB",,,Qualcomm Snapdragon 7 Gen 3 (4 nm),50MP + 50MP,50 MP,5G,"5,000 mAh, non-removable",,,,,,,,,,,,"128GB, 256GB, 512GB",,,,,,,,,,,,,,,,,,,,,,,,,,,,,,,,,,,,,,,,,,,,,,,,,,,,,,,,,,,,,,,,,,,,,,,,,,,,,,,,,,,,,,,,,,,,,,,0 Reviews,"KSh 62,500","KSh 58,000",
2024-10-05,22:18:00,Vivo Y27s,0 Reviews,IN STOCK,"6.64 inches, IPS LCD, 600 nits (peak)",8 GB,128GB/256GB,"Android 13, Funtouch 13.",,,,"Dual SIM, 3G, 4G, Wi-Fi","5,000 mAh",,50 MP + 2 MP,8 MP,,Qualcomm SM6225 Snapdragon 680 4G (6 nm),"Burgundy Black, Garden Green",,,,,,,,,,,,,,,,,,,,,,,,,,,,,,,,,,,,,,,,,,,,,,,,,,,,,,,,,,,,,,,,,,,,,,,,,,,,,,,,,,,,,,,,,,,,,,,,,,,,,0 Reviews,"KSh 33,500","KSh 32,500",
2024-10-05,22:18:06,Vivo V29,,IN STOCK,"6.78-inchAMOLED, 1B colors, 120Hz, HDR10+",12GB,256GB,"Android 13, Funtouch 13.",,,,"Dual SIM, 3G, 4G, 5G, Wi-Fi","5,000 mAh",,50 MP + 8 MP + 2MP,850MP,,"Octa-core, Qualcomm SM7325 Snapdragon 778G 5G (6 nm)","Space Black, Himalayan Blue, Purple Fairy, Majestic Red",,,,,,,,,,,,,,,,,,,,,,,,,,,,,,,,,,,,,,,,,,,,,,,,,,,,,,,,,,,,,,,,,,,,,,,,,,,,,,,,,,,,,,,,,,,,,,,,,,,,,1 Review,"KSh 62,800","KSh 57,500",
2024-10-05,22:18:12,Vivo V29e,0 Reviews,IN STOCK,"6.67-inch, AMOLED, 120Hz, 1150 nits (peak)",8 GB,256GB,"Android 13, Funtouch 13.",,,,"Dual SIM, 3G, 4G, 5G, Wi-Fi","4,800 mAh",,64MP + 8MP,50MP,,"Octa-core, Qualcomm SM6375 Snapdragon 695 5G (6 nm)","Forest Black, Rose Gold, Ice Creek Blue",,,,,,,,,,,,,,,,,,,,,,,,,,,,,,,,,,,,,,,,,,,,,,,,,,,,,,,,,,,,,,,,,,,,,,,,,,,,,,,,,,,,,,,,,,,,,,,,,,,,,0 Reviews,"KSh 48,500","KSh 45,500",
2024-10-05,22:18:17,Vivo Y17s,0 Reviews,IN STOCK,6.56 inches,6GB,128GB,"Android 13, Funtouch 13",,,,"Dual SIM, 3G, 4G, Wi-Fi","5,000 mAh",,50 MP + 2 MP,8 MP,,Octa-core Mediatek MT6769 Helio G85 (12nm),"Glitter Purple, Forest Green",,,,,,,,,,,,,,,,,,,,,,,,,,,,,,,,,,,,,,,,,,,,,,,,,,,,,,,,,,,,,,,,,,,,,,,,,,,,,,,,,,,,,,,,,,,,,,,,,,,,,0 Reviews,"KSh 22,500","KSh 20,500",
2024-10-05,22:18:23,Vivo Y02t,0 Reviews,IN STOCK,6.51 inches,4GB,64GB,"Android 13, Funtouch 13",,,,"Dual SIM, 3G, 4G, Wi-Fi","5,000 mAh",,8MP,5MP,,Octa-core Mediatek MT6765 Helio P35 (12nm),"Orchid Blue, Cosmic Grey, Sunset Gold",,,,,,,,,,,,,,,,,,,,,,,,,,,,,,,,,,,,,,,,,,,,,,,,,,,,,,,,,,,,,,,,,,,,,,,,,,,,,,,,,,,,,,,,,,,,,,,,,,,,,0 Reviews,"KSh 18,000","KSh 17,200",
2024-10-05,22:18:29,Vivo Y35,0 Reviews,IN STOCK,6.58 inches,8GB,128GB,"Android 11, Funtouch 12",,,,"Dual SIM, 3G, 4G, Wi-Fi",5000 mAh,,50 MP + 2 MP+ 2 MP,16 MP,,Snapdragon 680 4G,"Dawn Gold, Agate Black",,,,,,,,,,,,,,,,,,,,,,,,,,,,,,,,,,,,,,,,,,,,,,,,,,,,,,,,,,,,,,,,,,,,,,,,,,,,,,,,,,,,,,,,,,,,,,,,,,,,,0 Reviews,"KSh 29,999","KSh 26,500",
2024-10-05,22:18:36,Xiaomi Redmi 14C,0 Reviews,IN STOCK,,"4GB, 6GB, 8GB",,"Android 14, HyperOS",Mediatek Helio G81 Ultra,50MP + 2MP,13MP,"4G, Bluetooth 5.4, Type-C","5160mAh, 33W",Xiaomi,,,,,,,,N/A,,,"128GB, 256GB",,,,,,,,,,,,,,,,,,,,,,,,,,,,,,,,,,,,,,,,,,,,,,,,,,,,,,,,,,,,,,,,,,,,,,,,,,,,,,,,,,,,,,,,,,,,,,,0 Reviews,"KSh 14,000","KSh 17,000",
2024-10-05,22:18:41,Xiaomi Smart Band 8 Pro,0 Reviews,IN STOCK,1.74-inch 2.5D curved AMOLED Screen.,,,,,,,Bluetooth 5.3,"Up to 14 days battery life, convenient Magnetic Charging.",Xiaomi,,,,,,,,,,,,,,,,,,,,,,,,,,,,,,,,,,,,,,,,,,,,22.5g,,,,,,,,,,,,,,,,,,,,,,,,,5ATM water resistance,,,,,,,,,,,,,,,,,,,,,,,,,"Built-in, supports five satellite systems.",,,,,,,,,,,,0 Reviews,"KSh 12,000","KSh 10,500",
2024-10-05,22:18:46,Xiaomi POCO F6,0 Reviews,IN STOCK,"6.67 inches, AMOLED, 120Hz","8GB, 12GB","256GB, 512GB",,,,,"Dual SIM, 3G, 4G, 5G, Wi-Fi","5000 mAh, 90W",,50MP+8MP,20MP,,Qualcomm SM8635 Snapdragon 8s Gen 3 (4 nm),"Black, Green, Titanium",,,,,,,,,,,,,,,,,,,,,,,,,,,,,,,,,,,,,,,,,,,,,,,,,,,,,,,,,,,,,,,,,,,,,,,,,,,,,,,,,,,,,,,,,,,,,,,,,,,,,0 Reviews,"KSh 55,800","KSh 50,000",
2024-10-05,22:18:52,Xiaomi Smart Band 9,0 Reviews,IN STOCK,"AMOLED,1.62 inches",,,,,,,Bluetooth 5.4,233mAh,Xiaomi,,,,,,,,,,,,,"Midnight Black, Glacier Silver, Mystic Rose, and Arctic Blue",,,,,,,,,,,,,,,,,,,,,,,150+,,,,,,,,15.8g,46.53 x 21.63 x 10.95 mm,,,,,,,,,,,,,,,,,,,,,,,,,,,,,,,,,,,,,,,,,,,,,,,,,,,,,,,,,,,,,0 Reviews,"KSh 8,500","KSh 7,500",
2024-10-05,22:18:58,Xiaomi POCO X6 Pro,0 Reviews,IN STOCK,"6.67 inch, AMOLED,120Hz","8GB, 12GB",,"Android 14, HyperOS",,,,"Dual SIM, 3G, 4G, 5G","5,000 mAh, 67W",Xiaomi,,,,Mediatek Dimensity 8300 Ultra (4 nm),"Black, Yellow and Gray",,,,,,,,,,,,,,512GB,64MP + 8MP + 2MP,16MP,,,,,,,,,,,,,,,,,,,,,,,,,,,,,,,,,,,,,,,,,,,,,,,,,,,,,,,,,,,,,,,,,,,,,,,,,,,,,,,,,,,,,0 Reviews,"KSh 47,500","KSh 44,000",
2024-10-05,22:19:04,Xiaomi Redmi 13 4G,0 Reviews,IN STOCK,"6.79 inches, IPS LCD","6GB, 8GB","128GB, 256GB","Android 14, HyperOS",,,,"Dual SIM, 3G, 4G, VoLTE, Wi-Fi","5,030 mAh",Xiaomi,108 MP + 2MP,"13 MP, f/2.5, (wide)",,Mediatek Helio G91 Ultra (12 nm),"Midnight Black, Sandy Gold, Ocean Blue, Pink",,,N/A,,,,,,,,,,,,,,,,,,,,,,,,,,,,,,,,,,,,,,,,,,,,,,,,,,,,,,,,,,,,,,,,,,,,,,,,,,,,,,,,,,,,,,,,,,,,,,,,,,0 Reviews,"KSh 19,000","KSh 18,500",
2024-10-05,22:19:10,Xiaomi Redmi A3x,0 Reviews,IN STOCK,"6.71 inches, IPS LCD, 500 nits brightness","3GB, 4GB",,Android 14 (MIUI),,,,"Dual SIM, 4G, Wi-Fi, Bluetooth, GPS","5000mAh, 10W charging",Xiaomi,,,,Unisoc T603 (22 NM),"Midnight Black, Moonlight White, Aurora Green",,,N/A,,,,,,,,,,,"64GB, 128GB, expandable via microSD card","8MP + 0.08MP rear, 5MP front",,,,,,,,,,,,,,,,,,,,,,,,,,,,,,,,,,,,,,,,,,,,,,,,,,,,,,,,,,,,,,,,,,,,,,"USB Type-C, 3.5mm audio jack",,,,,,,,,,,,,,,,0 Reviews,"KSh 12,000","KSh 11,500",
2024-10-05,22:19:16,Redmi Watch 3 Active,0 Reviews,IN STOCK,1.83-inch LCD,,,,,,,Bluetooth v5.3,289mAh,Xiaomi,,,,,,,,,,,,,,,,,,,,,,,,46.94 x 38.88 x 10.94mm,,,,,,,,,,,,,,,,,,,,6g,,,,,,"Heart rate sensor (with blood oxygen sensor), accelerometer",,,,,,,,,,,,,,,,,,,,,,,"Yes, built-in",,,,,,,,,,,,,,,,,,,,,,135-200mm,"yes, 5ATM Rating",,,,,,,,,,0 Reviews,"KSh 8,500","KSh 6,700",
2024-10-05,22:19:21,Xiaomi Smart Band 8,,IN STOCK,1.62-inch AMOLED,,,,,,,V5.1,"190mAh, 14-16 days",Xiaomi,,,,,,,,,,,,,,,,,,,,,,,,,,,,,,,,,,,,,,,,,,,,,,,,,,,5ATM Rating,,,,,,,,,,,,,,,,,,,,,,,,,,,,,,,,,,,,,,,,,,,,,,"a classic leather, bold double-wrap, stylish chain strap, a lightweight braided strap",150+,200+,supported,,,,,,1 Review,"KSh 6,500",,No Discount
2024-10-05,22:19:27,Redmi Note 13 Pro Plus,0 Reviews,IN STOCK,,"8GB, 12GB, 16GB",,,,200mp + 8MP + 2MP,,,"5,000mAh, 120W Fast Charger.",Xiaomi,,,,"Octa-Core, Mediatek Dimensity 7200 Ultra (4 nm)",,,,,,"Android 13, MIUI 14","256GB, 512GB",,,,,,,,,,,,,161.4 x 74.2 x 8.9 mm,,,,,,,,,,,,,,,,,,,,199g/204.5g,,,,,,,,,,,,,,,,,,,6.67 inches,1220*2712 pixels,16MP,,,,,,,,,,,,,,,,,,,,,,,,,,,,,,,,,,,,,,,,,0 Reviews,"KSh 52,000","KSh 50,000",
2024-10-05,22:19:32,Xiaomi Redmi A3,0 Reviews,IN STOCK,"6.71 inches, HD+ resolution, 400 nits brightness","3GB, 4GB, 6GB",,Android 13 (Go Edition),,,,"Dual SIM, 4G, Wi-Fi, Bluetooth, GPS","5000mAh, 10W charging",Xiaomi,,,,MediaTek Helio G36 (12 nm),"Midnight Black, Olive Green, Lake Blue",,,N/A,,,,,,,,,,,"64GB, 128GB, expandable via microSD card","8MP + 0.08MP rear, 5MP front",,,,,,,,,,,,,,,,,,,,,,,,,,,,,,,,,,,,,,,,,,,,,,,,,,,,,,,,,,,,,,,,,,,,,,"USB Type-C, 3.5mm audio jack",,,,,,,,,,,,,,,,0 Reviews,"KSh 11,500","KSh 13,000",
2024-10-05,22:19:38,Redmi Note 13 4G,0 Reviews,IN STOCK,"6.67 inches, AMOLED, 120Hz","6GB, 8GB","128GB, 256GB","Android 13, MIUI 14",,,,"Dual SIM, 3G, 4G, Wi-Fi","5000 mAh, 33W",Xiaomi,108MP + 8MP + 2MP,16 MP,,Qualcomm SM6225 Snapdragon 685,"Midnight Black, Mint Green, Ice Blue, Ocean Sunset",,,N/A,,,,,,,,,,,,,,,,,,,,,,,,,,,,,,,,,,,,,,,,,,,,,,,,,,,,,,,,,,,,,,,,,,,,,,,,,,,,,,,,,,,,,,,,,,,,,,,,,,0 Reviews,"KSh 23,500","KSh 21,500",
2024-10-05,22:19:44,Xiaomi TV Box S (2nd Gen),0 Reviews,IN STOCK,,,,,,,,"Bluetooth 5.2, Dual-band Wi-Fi",,Xiaomi,,,,,,,,,,,2GB RAM + 8GB ROM,,,,,,,,,,,,,,,,,,,,,,,,,,,,,,,,,,95.25*95.25*16.7mm,,,,,,,,,Built-in,,,,,,,,,,,,,,,,,,,,,,,,,,,,,,,,,,,,"Audio output, Plug in HDMI, USB port",,,,,,,,,,,Quad-core,Supported,Built-in,,,0 Reviews,"KSh 10,000",,No Discount
2024-10-05,22:19:49,Redmi 12,,IN STOCK,"6.71 inch, IPS LCD, 90Hz","4GB, 8GB","128GB, 256GB","Android 13, MIUI 14",,,,"Dual sim, 3G, 4G, VoLTE, Wi-Fi","5,000 mAh, 18W",Xiaomi,50 MP + 8 MP+ 2 MP,5MP,,Mediatek Helio G88,"Midnight Black, Sky Blue, Polar Silver, Moonstone Silver",,,N/A,,,,,,,,,,,,,,,,,,,,,,,,,,,,,,,,,,,,,,,,,,,,,,,,,,,,,,,,,,,,,,,,,,,,,,,,,,,,,,,,,,,,,,,,,,,,,,,,,,1 Review,"KSh 17,500","KSh 20,500",
2024-10-05,22:19:55,Redmi Note 13 Pro 4G,0 Reviews,IN STOCK,"6.67 inches, OLED, 68B colours, 120Hz, Dolby Vision, 1300 nits (peak)","8GB, 12GB","128GB, 256GB, 512GB","Android 13, MIUI 14",,,,"Dual SIM, 3G, 4G, Wi-Fi","5000 mAh, 67W",Xiaomi,200MP + 8MP + 2MP,16 MP,,Helio G99 Ultra,"Midnight Black, Lavender Purple, Forest Green",,,N/A,,,,,,,,,,,,,,,,,,,,,,,,,,,,,,,,,,,,,,,,,,,,,,,,,,,,,,,,,,,,,,,,,,,,,,,,,,,,,,,,,,,,,,,,,,,,,,,,,,0 Reviews,"KSh 29,500","KSh 39,500",
2024-10-05,22:20:01,Xiaomi Poco M6 Pro 5G,0 Reviews,IN STOCK,"IPS LCD, 90Hz, 550 nits","4GB, 6GB, 8GB","64GB, 128 GB","Android 13, MIUI 14",,,,"3G, 4G, 5G, Bluetooth 5.3, Wi-Fi","5,000 mAh, 18W",Xiaomi,50MP + 2MP,8MP,,"Octa-core, Qualcomm Snapdragon 4 Gen 2 (4 nm)","Power Black, Forest Green",,,,,,,,,,,,,,,,,,,,5G enabled.,,,,,,,,,,,,,,,,,,,,,,,,,,,,,,,,,,,,,,,,,,,,,,,,,,,,,,,,,,,,,,,,,,,,,,,,,,,,,,,,,0 Reviews,"KSh 39,500","KSh 36,000",
2024-10-05,22:20:07,Redmi Note 13 Pro 5G,0 Reviews,IN STOCK,"6.67 inches, OLED, 120Hz, HDR10",12,512GB,"Android 13, upgradable to Android 14, HyperOS",,,,"Dual SIM, 4G, 5G, VoLTE, Wi-Fi","5,100 mAh, 67W",Xiaomi,200 MP + 8 MP + 2 MP,16 MP,,Qualcomm SM7435-AB Snapdragon 7s Gen 2 (4 nm),"Midnight Black, Aurora Purple (Coral Purple), Ocean Teal, Arctic White",,,N/A,,,,,,,,,,,,,,,,,,,,,,,,,,,,,,,,,,,,,,,,,,,,,,,,,,,,,,,,,,,,,,,,,,,,,,,,,,,,,,,,,,,,,,,,,,,,,,,,,,0 Reviews,"KSh 39,000","KSh 44,500",
2024-10-05,22:20:13,Xiaomi Smart Band 7 Pro,0 Reviews,IN STOCK,1.64-inch AMOLED,,,,,,,Bluetooth 5.2,180mAh,Xiaomi,,,,,"White, Black, Blue, Pink, Green, and Orange",,,,,,,,,,,,,,,,,,,,,,,,,,,,,,,,,,,,,,,20.5g,,,,,,,,,,,,,,,,,,,,,,,,,,Xiaomi Fitness APP,,,,,,,,,,,,,,,,,,,,,,,,,,,,,,,,,,iOS / Android,5ATM (50 meters) water-resistant,0 Reviews,"KSh 12,500","KSh 9,000",
2024-10-05,22:20:18,Xiaomi Mi Band 7,0 Reviews,IN STOCK,1.62-inch AMOLED,,,,,,,Bluetooth 5.2,180mAh,Xiaomi,,,,,"White, Black, Blue, Pink, Green, and Orange",,,,,,,,,,,,,,,,,,,,,,,,,,,,,,,,,,,,,,,,,,,,,,,,,,,,,,,,,,,,,,,,,Mi Fit,,,,,,,,,,,,,,,,,,,,,,,,,,,,,,,,,,iOS / Android,5ATM (50 meters) water-resistant,0 Reviews,"KSh 10,500","KSh 7,000",
